family,stratum,a,b,metric,B,observed_diff,bootstrap_mean_diff,bootstrap_sd,ci_level,bca_low,bca_high
H01,Low,Baseline,HueView,precision_macro,10000,-0.1000254080756291,-0.09996427559125622,0.02597014307989244,0.9958333333333333,-0.1646642527073836,0.0016248246514185155
H01,Low,Baseline,HueView,recall_macro,10000,-0.021294413227051945,-0.021385394220883064,0.009564078832945197,0.9958333333333333,-0.04821247264603679,0.005671678012265793
H01,Low,Baseline,HueView,f1_macro,10000,-0.021501392681103515,-0.021553031921159045,0.010343048763743295,0.9958333333333333,-0.05013654380135267,0.00970483712370797
H01,Medium,Baseline,HueView,precision_macro,10000,-0.09438575742152322,-0.09417750886953823,0.017625228885944935,0.9958333333333333,-0.14246416157810596,-0.04257539987223126
H01,Medium,Baseline,HueView,recall_macro,10000,0.015037277253184933,0.015173734987180285,0.011190377635690512,0.9958333333333333,-0.014852325858717201,0.04886148174578438
H01,Medium,Baseline,HueView,f1_macro,10000,0.0012281811396336328,0.0015033138572772883,0.01201258197717393,0.9958333333333333,-0.0326217603327667,0.037217375039389905
H01,High,Baseline,HueView,precision_macro,10000,0.0529156629562309,0.041026130282161385,0.06784861581515773,0.9958333333333333,-0.07215663793693461,0.19521400938057512
H01,High,Baseline,HueView,recall_macro,10000,-0.04846093034029225,-0.048343396225465005,0.024134997041082084,0.9958333333333333,-0.11252635025148136,0.031823990113837346
H01,High,Baseline,HueView,f1_macro,10000,-0.021958105785838566,-0.02282239965591739,0.025251259344709127,0.9958333333333333,-0.08102076420931989,0.07304049730410632
H03,Full test set,Baseline,HueView,precision_macro,10000,-0.10057516368889019,-0.10058859522813748,0.013720747553068296,0.9875,-0.1321218039264683,-0.06391353399002042
H03,Full test set,Baseline,HueView,recall_macro,10000,-0.0043284484990507854,-0.004359698100805961,0.006810812713209118,0.9875,-0.02125014962870715,0.013049204614004013
H03,Full test set,Baseline,HueView,f1_macro,10000,-0.009992685027807369,-0.010010583511851245,0.007478770658523983,0.9875,-0.02800998140586323,0.009190433683414117
H02,All,Forehead,Left Cheek,precision_macro,10000,0.03804077057060967,0.03805202188451092,0.008247067529598594,0.9966666666666667,0.013301370418014219,0.06213991159960429
H02,All,Forehead,Left Cheek,recall_macro,10000,0.04633885828728085,0.04635287070703091,0.010415695079279605,0.9966666666666667,0.015820372133385625,0.07550342768220539
H02,All,Forehead,Left Cheek,f1_macro,10000,0.045124466059537016,0.04514595410890921,0.008764623081595696,0.9966666666666667,0.019103490516845383,0.07120663862042756
H02,All,Forehead,Right Cheek,precision_macro,10000,0.010387822663047608,0.010324186120621014,0.008638553412663053,0.9966666666666667,-0.013962920518990103,0.035502215783887306
H02,All,Forehead,Right Cheek,recall_macro,10000,-0.0005939260578941008,-0.0006274014988695324,0.010413076665927916,0.9966666666666667,-0.031149281487418207,0.029679882743920465
H02,All,Forehead,Right Cheek,f1_macro,10000,0.004710206958779661,0.004647776674441893,0.008864238496839615,0.9966666666666667,-0.020688280504875204,0.030225525950217602
H02,All,Forehead,Jawline,precision_macro,10000,0.018856950732824063,0.01883707971137117,0.008895807113557194,0.9966666666666667,-0.007153055331537541,0.046801444644736394
H02,All,Forehead,Jawline,recall_macro,10000,0.017229779089494024,0.017203905218952334,0.01147175681587534,0.9966666666666667,-0.016163599681523727,0.051780263148581536
H02,All,Forehead,Jawline,f1_macro,10000,0.024507508134534117,0.02448865097279953,0.009598272166015465,0.9966666666666667,-0.0030623415108888274,0.0543915980901081
H02,All,Forehead,Nose Bridge,precision_macro,10000,0.0037291061080937937,0.0036505585949403135,0.00872381974681957,0.9966666666666667,-0.021615960884313456,0.030290188229384236
H02,All,Forehead,Nose Bridge,recall_macro,10000,0.008836901564520716,0.008780341319454788,0.0108867124946201,0.9966666666666667,-0.022857453981114734,0.041201631978686766
H02,All,Forehead,Nose Bridge,f1_macro,10000,-0.016938953582793237,-0.017014248975618523,0.009141574223451437,0.9966666666666667,-0.04390145179974362,0.010596760422529428
H02,All,Forehead,Full Face,precision_macro,10000,0.09988865682920423,0.10016640983851315,0.011574115888553681,0.9966666666666667,0.06596384037068884,0.13418550634876483
H02,All,Forehead,Full Face,recall_macro,10000,0.03854573968834368,0.03867228656513013,0.010308337136768111,0.9966666666666667,0.007821362834739224,0.06874258309814148
H02,All,Forehead,Full Face,f1_macro,10000,0.07246930452944089,0.07254112651596956,0.009833439962184618,0.9966666666666667,0.043341169809822486,0.10050837549079575
H02,All,Left Cheek,Right Cheek,precision_macro,10000,-0.027652947907562064,-0.027522353987495012,0.008294905549431415,0.9966666666666667,-0.052119785690964454,-0.003081839765656217
H02,All,Left Cheek,Right Cheek,recall_macro,10000,-0.04693278434517495,-0.04676221357604313,0.010301528247180336,0.9966666666666667,-0.07589174128345637,-0.016997566312479204
H02,All,Left Cheek,Right Cheek,f1_macro,10000,-0.040414259100757355,-0.04029338276009085,0.008687333782781251,0.9966666666666667,-0.06584486797163154,-0.014698098720766748
H02,All,Left Cheek,Jawline,precision_macro,10000,-0.01918381983778561,-0.019278103724766397,0.008957999862652315,0.9966666666666667,-0.044458787365159305,0.007089856171210407
H02,All,Left Cheek,Jawline,recall_macro,10000,-0.029109079197786825,-0.029203905904778036,0.011563307628664277,0.9966666666666667,-0.06233974916151295,0.005345950662808825
H02,All,Left Cheek,Jawline,f1_macro,10000,-0.0206169579250029,-0.020705259910740823,0.009727998623715711,0.9966666666666667,-0.04855628617164738,0.008142420966517237
H02,All,Left Cheek,Nose Bridge,precision_macro,10000,-0.03431166446251588,-0.034392868195815135,0.008390987218411567,0.9966666666666667,-0.058182231208132644,-0.009562146167237691
H02,All,Left Cheek,Nose Bridge,recall_macro,10000,-0.03750195672276013,-0.03749869341607862,0.010172545684804865,0.9966666666666667,-0.0668309884391904,-0.007685482823030498
H02,All,Left Cheek,Nose Bridge,f1_macro,10000,-0.06206341964233025,-0.062086792075925164,0.008899500032184463,0.9966666666666667,-0.08709283301566074,-0.035679516998221826
H02,All,Left Cheek,Full Face,precision_macro,10000,0.06184788625859455,0.06195181485157582,0.011539967955715096,0.9966666666666667,0.028659257228101642,0.09726330076479796
H02,All,Left Cheek,Full Face,recall_macro,10000,-0.007793118598937165,-0.0077680265146607835,0.010316415107355658,0.9966666666666667,-0.03737136623775175,0.02209922484907332
H02,All,Left Cheek,Full Face,f1_macro,10000,0.027344838469903876,0.027312917488423478,0.009875660229509937,0.9966666666666667,-0.000901861046200616,0.05592739998588423
H02,All,Right Cheek,Jawline,precision_macro,10000,0.008469128069776455,0.008576731202401162,0.00896437634878514,0.9966666666666667,-0.018008925636591542,0.03463549270030301
H02,All,Right Cheek,Jawline,recall_macro,10000,0.017823705147388125,0.01788508127346509,0.010737005489655097,0.9966666666666667,-0.013580896182243965,0.04834641819801696
H02,All,Right Cheek,Jawline,f1_macro,10000,0.019797301175754456,0.019892636899290154,0.009368278994618857,0.9966666666666667,-0.007023255322523776,0.0470352388673322
H02,All,Right Cheek,Nose Bridge,precision_macro,10000,-0.006658716554953814,-0.006718135729201552,0.008891219085532476,0.9966666666666667,-0.03251939066004817,0.019735685157490492
H02,All,Right Cheek,Nose Bridge,recall_macro,10000,0.009430827622414817,0.00941869434191878,0.010616052197693383,0.9966666666666667,-0.021257512302285408,0.041446504295083564
H02,All,Right Cheek,Nose Bridge,f1_macro,10000,-0.021649160541572898,-0.0216734282782047,0.009112521456361905,0.9966666666666667,-0.048282433158319246,0.0052821736331627655
H02,All,Right Cheek,Full Face,precision_macro,10000,0.08950083416615662,0.08949051872765394,0.011552983442435816,0.9966666666666667,0.057785936711383906,0.12472819262497353
H02,All,Right Cheek,Full Face,recall_macro,10000,0.039139665746237784,0.038986749239391674,0.009869331986929478,0.9966666666666667,0.01023381196707272,0.06750342696544367
H02,All,Right Cheek,Full Face,f1_macro,10000,0.06775909757066123,0.0675686968591276,0.009692886661765075,0.9966666666666667,0.04031052789828813,0.09623511828192732
H02,All,Jawline,Nose Bridge,precision_macro,10000,-0.015127844624730269,-0.014960807388657793,0.009004069329885301,0.9966666666666667,-0.04171783230134027,0.009557050047430429
H02,All,Jawline,Nose Bridge,recall_macro,10000,-0.008392877524973308,-0.0081926955104684,0.011132009853266046,0.9966666666666667,-0.040909237322455605,0.022549595977156476
H02,All,Jawline,Nose Bridge,f1_macro,10000,-0.041446461717327354,-0.041247803285456464,0.009489332759015055,0.9966666666666667,-0.06928990750652317,-0.015148149165888735
H02,All,Jawline,Full Face,precision_macro,10000,0.08103170609638016,0.08103223091860164,0.01227614614823436,0.9966666666666667,0.046147278204800586,0.11633501046192037
H02,All,Jawline,Full Face,recall_macro,10000,0.02131596059884966,0.02111225542478073,0.011179046842097298,0.9966666666666667,-0.01092615342908949,0.054672678456538656
H02,All,Jawline,Full Face,f1_macro,10000,0.047961796394906775,0.04775756884136307,0.010757005727672185,0.9966666666666667,0.017183002530298058,0.07962238870446829
H02,All,Nose Bridge,Full Face,precision_macro,10000,0.09615955072111043,0.09618788838794798,0.011635102917032774,0.9966666666666667,0.06367255550023047,0.13137397181941624
H02,All,Nose Bridge,Full Face,recall_macro,10000,0.029708838123822967,0.029599309008037863,0.010032050328689595,0.9966666666666667,0.000489248010410922,0.059342458043331624
H02,All,Nose Bridge,Full Face,f1_macro,10000,0.08940825811223413,0.08925349673239563,0.009796086922296793,0.9966666666666667,0.0601556446607135,0.11982588560325262
