stratum,a,b,metric,test,statistic,score_a,score_b,observed_diff,bootstrap_mean_diff,ci_low,ci_high,ci_level,p_value,alpha,reject_h0,favours,posthoc_run
All,Forehead,Left Cheek,accuracy,McNemar mid-p,"b = 643, c = 837",0.4870766488413547,0.5303030303030303,0.04322638146167557,,,,,4.463304554738092e-07,0.0033333333333333335,True,Left Cheek,True
All,Forehead,Left Cheek,precision_macro,Paired stratified bootstrap (BCa),mean diff = +0.0381,0.46003220070392303,0.4980729712745327,0.03804077057060967,0.03805202188451092,0.013301370418014219,0.06213991159960429,0.9966666666666667,,0.0033333333333333335,True,Left Cheek,
All,Forehead,Left Cheek,recall_macro,Paired stratified bootstrap (BCa),mean diff = +0.0464,0.49288489110129846,0.5392237493885793,0.04633885828728085,0.04635287070703091,0.015820372133385625,0.07550342768220539,0.9966666666666667,,0.0033333333333333335,True,Left Cheek,
All,Forehead,Left Cheek,f1_macro,Paired stratified bootstrap (BCa),mean diff = +0.0451,0.4554497146638514,0.5005741807233884,0.045124466059537016,0.04514595410890921,0.019103490516845383,0.07120663862042756,0.9966666666666667,,0.0033333333333333335,True,Left Cheek,
All,Forehead,Right Cheek,accuracy,McNemar mid-p,"b = 692, c = 789",0.4870766488413547,0.5086898395721925,0.021613190730837784,,,,,0.01172042341327743,0.0033333333333333335,False,,True
All,Forehead,Right Cheek,precision_macro,Paired stratified bootstrap (BCa),mean diff = +0.0103,0.46003220070392303,0.47042002336697064,0.010387822663047608,0.010324186120621014,-0.013962920518990103,0.035502215783887306,0.9966666666666667,,0.0033333333333333335,False,,
All,Forehead,Right Cheek,recall_macro,Paired stratified bootstrap (BCa),mean diff = -0.0006,0.49288489110129846,0.49229096504340436,-0.0005939260578941008,-0.0006274014988695324,-0.031149281487418207,0.029679882743920465,0.9966666666666667,,0.0033333333333333335,False,,
All,Forehead,Right Cheek,f1_macro,Paired stratified bootstrap (BCa),mean diff = +0.0046,0.4554497146638514,0.4601599216226311,0.004710206958779661,0.004647776674441893,-0.020688280504875204,0.030225525950217602,0.9966666666666667,,0.0033333333333333335,False,,
All,Forehead,Jawline,accuracy,McNemar mid-p,"b = 756, c = 893",0.4870766488413547,0.517602495543672,0.030525846702317283,,,,,0.0007395568638784774,0.0033333333333333335,True,Jawline,True
All,Forehead,Jawline,precision_macro,Paired stratified bootstrap (BCa),mean diff = +0.0188,0.46003220070392303,0.4788891514367471,0.018856950732824063,0.01883707971137117,-0.007153055331537541,0.046801444644736394,0.9966666666666667,,0.0033333333333333335,False,,
All,Forehead,Jawline,recall_macro,Paired stratified bootstrap (BCa),mean diff = +0.0172,0.49288489110129846,0.5101146701907925,0.017229779089494024,0.017203905218952334,-0.016163599681523727,0.051780263148581536,0.9966666666666667,,0.0033333333333333335,False,,
All,Forehead,Jawline,f1_macro,Paired stratified bootstrap (BCa),mean diff = +0.0245,0.4554497146638514,0.47995722279838554,0.024507508134534117,0.02448865097279953,-0.0030623415108888274,0.0543915980901081,0.9966666666666667,,0.0033333333333333335,False,,
All,Forehead,Nose Bridge,accuracy,McNemar mid-p,"b = 842, c = 763",0.4870766488413547,0.4694741532976827,-0.017602495543671992,,,,,0.048654982813795024,0.0033333333333333335,False,,True
All,Forehead,Nose Bridge,precision_macro,Paired stratified bootstrap (BCa),mean diff = +0.0037,0.46003220070392303,0.4637613068120168,0.0037291061080937937,0.0036505585949403135,-0.021615960884313456,0.030290188229384236,0.9966666666666667,,0.0033333333333333335,False,,
All,Forehead,Nose Bridge,recall_macro,Paired stratified bootstrap (BCa),mean diff = +0.0088,0.49288489110129846,0.5017217926658192,0.008836901564520716,0.008780341319454788,-0.022857453981114734,0.041201631978686766,0.9966666666666667,,0.0033333333333333335,False,,
All,Forehead,Nose Bridge,f1_macro,Paired stratified bootstrap (BCa),mean diff = -0.0170,0.4554497146638514,0.4385107610810582,-0.016938953582793237,-0.017014248975618523,-0.04390145179974362,0.010596760422529428,0.9966666666666667,,0.0033333333333333335,False,,
All,Forehead,Full Face,accuracy,McNemar mid-p,"b = 543, c = 1122",0.4870766488413547,0.6160873440285205,0.1290106951871658,,,,,1.3411491387648727e-46,0.0033333333333333335,True,Full Face,True
All,Forehead,Full Face,precision_macro,Paired stratified bootstrap (BCa),mean diff = +0.1002,0.46003220070392303,0.5599208575331273,0.09988865682920423,0.10016640983851315,0.06596384037068884,0.13418550634876483,0.9966666666666667,,0.0033333333333333335,True,Full Face,
All,Forehead,Full Face,recall_macro,Paired stratified bootstrap (BCa),mean diff = +0.0387,0.49288489110129846,0.5314306307896421,0.03854573968834368,0.03867228656513013,0.007821362834739224,0.06874258309814148,0.9966666666666667,,0.0033333333333333335,True,Full Face,
All,Forehead,Full Face,f1_macro,Paired stratified bootstrap (BCa),mean diff = +0.0725,0.4554497146638514,0.5279190191932923,0.07246930452944089,0.07254112651596956,0.043341169809822486,0.10050837549079575,0.9966666666666667,,0.0033333333333333335,True,Full Face,
All,Left Cheek,Right Cheek,accuracy,McNemar mid-p,"b = 754, c = 657",0.5303030303030303,0.5086898395721925,-0.021613190730837784,,,,,0.009815595543114822,0.0033333333333333335,False,,True
All,Left Cheek,Right Cheek,precision_macro,Paired stratified bootstrap (BCa),mean diff = -0.0275,0.4980729712745327,0.47042002336697064,-0.027652947907562064,-0.027522353987495012,-0.052119785690964454,-0.003081839765656217,0.9966666666666667,,0.0033333333333333335,True,Left Cheek,
All,Left Cheek,Right Cheek,recall_macro,Paired stratified bootstrap (BCa),mean diff = -0.0468,0.5392237493885793,0.49229096504340436,-0.04693278434517495,-0.04676221357604313,-0.07589174128345637,-0.016997566312479204,0.9966666666666667,,0.0033333333333333335,True,Left Cheek,
All,Left Cheek,Right Cheek,f1_macro,Paired stratified bootstrap (BCa),mean diff = -0.0403,0.5005741807233884,0.4601599216226311,-0.040414259100757355,-0.04029338276009085,-0.06584486797163154,-0.014698098720766748,0.9966666666666667,,0.0033333333333333335,True,Left Cheek,
All,Left Cheek,Jawline,accuracy,McNemar mid-p,"b = 829, c = 772",0.5303030303030303,0.517602495543672,-0.012700534759358284,,,,,0.1543925351462636,0.0033333333333333335,False,,True
All,Left Cheek,Jawline,precision_macro,Paired stratified bootstrap (BCa),mean diff = -0.0193,0.4980729712745327,0.4788891514367471,-0.01918381983778561,-0.019278103724766397,-0.044458787365159305,0.007089856171210407,0.9966666666666667,,0.0033333333333333335,False,,
All,Left Cheek,Jawline,recall_macro,Paired stratified bootstrap (BCa),mean diff = -0.0292,0.5392237493885793,0.5101146701907925,-0.029109079197786825,-0.029203905904778036,-0.06233974916151295,0.005345950662808825,0.9966666666666667,,0.0033333333333333335,False,,
All,Left Cheek,Jawline,f1_macro,Paired stratified bootstrap (BCa),mean diff = -0.0207,0.5005741807233884,0.47995722279838554,-0.0206169579250029,-0.020705259910740823,-0.04855628617164738,0.008142420966517237,0.9966666666666667,,0.0033333333333333335,False,,
All,Left Cheek,Nose Bridge,accuracy,McNemar mid-p,"b = 910, c = 637",0.5303030303030303,0.4694741532976827,-0.06082887700534756,,,,,3.488408523918283e-12,0.0033333333333333335,True,Left Cheek,True
All,Left Cheek,Nose Bridge,precision_macro,Paired stratified bootstrap (BCa),mean diff = -0.0344,0.4980729712745327,0.4637613068120168,-0.03431166446251588,-0.034392868195815135,-0.058182231208132644,-0.009562146167237691,0.9966666666666667,,0.0033333333333333335,True,Left Cheek,
All,Left Cheek,Nose Bridge,recall_macro,Paired stratified bootstrap (BCa),mean diff = -0.0375,0.5392237493885793,0.5017217926658192,-0.03750195672276013,-0.03749869341607862,-0.0668309884391904,-0.007685482823030498,0.9966666666666667,,0.0033333333333333335,True,Left Cheek,
All,Left Cheek,Nose Bridge,f1_macro,Paired stratified bootstrap (BCa),mean diff = -0.0621,0.5005741807233884,0.4385107610810582,-0.06206341964233025,-0.062086792075925164,-0.08709283301566074,-0.035679516998221826,0.9966666666666667,,0.0033333333333333335,True,Left Cheek,
All,Left Cheek,Full Face,accuracy,McNemar mid-p,"b = 633, c = 1018",0.5303030303030303,0.6160873440285205,0.08578431372549022,,,,,1.8075070315586075e-21,0.0033333333333333335,True,Full Face,True
All,Left Cheek,Full Face,precision_macro,Paired stratified bootstrap (BCa),mean diff = +0.0620,0.4980729712745327,0.5599208575331273,0.06184788625859455,0.06195181485157582,0.028659257228101642,0.09726330076479796,0.9966666666666667,,0.0033333333333333335,True,Full Face,
All,Left Cheek,Full Face,recall_macro,Paired stratified bootstrap (BCa),mean diff = -0.0078,0.5392237493885793,0.5314306307896421,-0.007793118598937165,-0.0077680265146607835,-0.03737136623775175,0.02209922484907332,0.9966666666666667,,0.0033333333333333335,False,,
All,Left Cheek,Full Face,f1_macro,Paired stratified bootstrap (BCa),mean diff = +0.0273,0.5005741807233884,0.5279190191932923,0.027344838469903876,0.027312917488423478,-0.000901861046200616,0.05592739998588423,0.9966666666666667,,0.0033333333333333335,False,,
All,Right Cheek,Jawline,accuracy,McNemar mid-p,"b = 751, c = 791",0.5086898395721925,0.517602495543672,0.0089126559714795,,,,,0.30853303404971677,0.0033333333333333335,False,,True
All,Right Cheek,Jawline,precision_macro,Paired stratified bootstrap (BCa),mean diff = +0.0086,0.47042002336697064,0.4788891514367471,0.008469128069776455,0.008576731202401162,-0.018008925636591542,0.03463549270030301,0.9966666666666667,,0.0033333333333333335,False,,
All,Right Cheek,Jawline,recall_macro,Paired stratified bootstrap (BCa),mean diff = +0.0179,0.49229096504340436,0.5101146701907925,0.017823705147388125,0.01788508127346509,-0.013580896182243965,0.04834641819801696,0.9966666666666667,,0.0033333333333333335,False,,
All,Right Cheek,Jawline,f1_macro,Paired stratified bootstrap (BCa),mean diff = +0.0199,0.4601599216226311,0.47995722279838554,0.019797301175754456,0.019892636899290154,-0.007023255322523776,0.0470352388673322,0.9966666666666667,,0.0033333333333333335,False,,
All,Right Cheek,Nose Bridge,accuracy,McNemar mid-p,"b = 876, c = 700",0.5086898395721925,0.4694741532976827,-0.039215686274509776,,,,,9.14945460250443e-06,0.0033333333333333335,True,Right Cheek,True
All,Right Cheek,Nose Bridge,precision_macro,Paired stratified bootstrap (BCa),mean diff = -0.0067,0.47042002336697064,0.4637613068120168,-0.006658716554953814,-0.006718135729201552,-0.03251939066004817,0.019735685157490492,0.9966666666666667,,0.0033333333333333335,False,,
All,Right Cheek,Nose Bridge,recall_macro,Paired stratified bootstrap (BCa),mean diff = +0.0094,0.49229096504340436,0.5017217926658192,0.009430827622414817,0.00941869434191878,-0.021257512302285408,0.041446504295083564,0.9966666666666667,,0.0033333333333333335,False,,
All,Right Cheek,Nose Bridge,f1_macro,Paired stratified bootstrap (BCa),mean diff = -0.0217,0.4601599216226311,0.4385107610810582,-0.021649160541572898,-0.0216734282782047,-0.048282433158319246,0.0052821736331627655,0.9966666666666667,,0.0033333333333333335,False,,
All,Right Cheek,Full Face,accuracy,McNemar mid-p,"b = 593, c = 1075",0.5086898395721925,0.6160873440285205,0.10739750445632801,,,,,1.463812520013253e-32,0.0033333333333333335,True,Full Face,True
All,Right Cheek,Full Face,precision_macro,Paired stratified bootstrap (BCa),mean diff = +0.0895,0.47042002336697064,0.5599208575331273,0.08950083416615662,0.08949051872765394,0.057785936711383906,0.12472819262497353,0.9966666666666667,,0.0033333333333333335,True,Full Face,
All,Right Cheek,Full Face,recall_macro,Paired stratified bootstrap (BCa),mean diff = +0.0390,0.49229096504340436,0.5314306307896421,0.039139665746237784,0.038986749239391674,0.01023381196707272,0.06750342696544367,0.9966666666666667,,0.0033333333333333335,True,Full Face,
All,Right Cheek,Full Face,f1_macro,Paired stratified bootstrap (BCa),mean diff = +0.0676,0.4601599216226311,0.5279190191932923,0.06775909757066123,0.0675686968591276,0.04031052789828813,0.09623511828192732,0.9966666666666667,,0.0033333333333333335,True,Full Face,
All,Jawline,Nose Bridge,accuracy,McNemar mid-p,"b = 953, c = 737",0.517602495543672,0.4694741532976827,-0.048128342245989275,,,,,1.4435638613384335e-07,0.0033333333333333335,True,Jawline,True
All,Jawline,Nose Bridge,precision_macro,Paired stratified bootstrap (BCa),mean diff = -0.0150,0.4788891514367471,0.4637613068120168,-0.015127844624730269,-0.014960807388657793,-0.04171783230134027,0.009557050047430429,0.9966666666666667,,0.0033333333333333335,False,,
All,Jawline,Nose Bridge,recall_macro,Paired stratified bootstrap (BCa),mean diff = -0.0082,0.5101146701907925,0.5017217926658192,-0.008392877524973308,-0.0081926955104684,-0.040909237322455605,0.022549595977156476,0.9966666666666667,,0.0033333333333333335,False,,
All,Jawline,Nose Bridge,f1_macro,Paired stratified bootstrap (BCa),mean diff = -0.0412,0.47995722279838554,0.4385107610810582,-0.041446461717327354,-0.041247803285456464,-0.06928990750652317,-0.015148149165888735,0.9966666666666667,,0.0033333333333333335,True,Jawline,
All,Jawline,Full Face,accuracy,McNemar mid-p,"b = 676, c = 1118",0.517602495543672,0.6160873440285205,0.09848484848484851,,,,,1.0023949136810361e-25,0.0033333333333333335,True,Full Face,True
All,Jawline,Full Face,precision_macro,Paired stratified bootstrap (BCa),mean diff = +0.0810,0.4788891514367471,0.5599208575331273,0.08103170609638016,0.08103223091860164,0.046147278204800586,0.11633501046192037,0.9966666666666667,,0.0033333333333333335,True,Full Face,
All,Jawline,Full Face,recall_macro,Paired stratified bootstrap (BCa),mean diff = +0.0211,0.5101146701907925,0.5314306307896421,0.02131596059884966,0.02111225542478073,-0.01092615342908949,0.054672678456538656,0.9966666666666667,,0.0033333333333333335,False,,
All,Jawline,Full Face,f1_macro,Paired stratified bootstrap (BCa),mean diff = +0.0478,0.47995722279838554,0.5279190191932923,0.047961796394906775,0.04775756884136307,0.017183002530298058,0.07962238870446829,0.9966666666666667,,0.0033333333333333335,True,Full Face,
All,Nose Bridge,Full Face,accuracy,McNemar mid-p,"b = 635, c = 1293",0.4694741532976827,0.6160873440285205,0.14661319073083778,,,,,9.856345136286227e-52,0.0033333333333333335,True,Full Face,True
All,Nose Bridge,Full Face,precision_macro,Paired stratified bootstrap (BCa),mean diff = +0.0962,0.4637613068120168,0.5599208575331273,0.09615955072111043,0.09618788838794798,0.06367255550023047,0.13137397181941624,0.9966666666666667,,0.0033333333333333335,True,Full Face,
All,Nose Bridge,Full Face,recall_macro,Paired stratified bootstrap (BCa),mean diff = +0.0296,0.5017217926658192,0.5314306307896421,0.029708838123822967,0.029599309008037863,0.000489248010410922,0.059342458043331624,0.9966666666666667,,0.0033333333333333335,True,Full Face,
All,Nose Bridge,Full Face,f1_macro,Paired stratified bootstrap (BCa),mean diff = +0.0893,0.4385107610810582,0.5279190191932923,0.08940825811223413,0.08925349673239563,0.0601556446607135,0.11982588560325262,0.9966666666666667,,0.0033333333333333335,True,Full Face,
