stratum,a,b,metric,test,statistic,score_a,score_b,observed_diff,bootstrap_mean_diff,ci_low,ci_high,ci_level,p_value,alpha,reject_h0,favours
Low,Baseline,HueView,accuracy,McNemar mid-p,"b = 223, c = 154",0.6647727272727273,0.6321022727272727,-0.032670454545454586,,,,,0.00037346227298954256,0.004166666666666667,True,Baseline
Low,Baseline,HueView,precision_macro,Paired stratified bootstrap (BCa),mean diff = -0.1000,0.6648517430704804,0.5648263349948514,-0.1000254080756291,-0.09996427559125622,-0.1646642527073836,0.0016248246514185155,0.9958333333333333,,0.004166666666666667,False,
Low,Baseline,HueView,recall_macro,Paired stratified bootstrap (BCa),mean diff = -0.0214,0.5472482242197109,0.5259538109926589,-0.021294413227051945,-0.021385394220883064,-0.04821247264603679,0.005671678012265793,0.9958333333333333,,0.004166666666666667,False,
Low,Baseline,HueView,f1_macro,Paired stratified bootstrap (BCa),mean diff = -0.0216,0.5463732799475324,0.5248718872664289,-0.021501392681103515,-0.021553031921159045,-0.05013654380135267,0.00970483712370797,0.9958333333333333,,0.004166666666666667,False,
Medium,Baseline,HueView,accuracy,McNemar mid-p,"b = 194, c = 155",0.632471008028546,0.6150758251561106,-0.017395182872435355,,,,,0.03695105185874492,0.004166666666666667,False,
Medium,Baseline,HueView,precision_macro,Paired stratified bootstrap (BCa),mean diff = -0.0942,0.672437377662125,0.5780516202406017,-0.09438575742152322,-0.09417750886953823,-0.14246416157810596,-0.04257539987223126,0.9958333333333333,,0.004166666666666667,True,Baseline
Medium,Baseline,HueView,recall_macro,Paired stratified bootstrap (BCa),mean diff = +0.0152,0.5321507736184165,0.5471880508716014,0.015037277253184933,0.015173734987180285,-0.014852325858717201,0.04886148174578438,0.9958333333333333,,0.004166666666666667,False,
Medium,Baseline,HueView,f1_macro,Paired stratified bootstrap (BCa),mean diff = +0.0015,0.5235847991936753,0.5248129803333089,0.0012281811396336328,0.0015033138572772883,-0.0326217603327667,0.037217375039389905,0.9958333333333333,,0.004166666666666667,False,
High,Baseline,HueView,accuracy,McNemar mid-p,"b = 28, c = 8",0.5298507462686567,0.3805970149253731,-0.14925373134328357,,,,,0.0007528970600105826,0.004166666666666667,True,Baseline
High,Baseline,HueView,precision_macro,Paired stratified bootstrap (BCa),mean diff = +0.0410,0.2519099036340416,0.3048255665902725,0.0529156629562309,0.041026130282161385,-0.07215663793693461,0.19521400938057512,0.9958333333333333,,0.004166666666666667,False,
High,Baseline,HueView,recall_macro,Paired stratified bootstrap (BCa),mean diff = -0.0483,0.39941790789248416,0.3509569775521919,-0.04846093034029225,-0.048343396225465005,-0.11252635025148136,0.031823990113837346,0.9958333333333333,,0.004166666666666667,False,
High,Baseline,HueView,f1_macro,Paired stratified bootstrap (BCa),mean diff = -0.0228,0.29634058605067176,0.2743824802648332,-0.021958105785838566,-0.02282239965591739,-0.08102076420931989,0.07304049730410632,0.9958333333333333,,0.004166666666666667,False,
