illumination,metric,baseline,hueview,absolute_difference,relative_difference_pct
Low,Accuracy,0.6647727272727273,0.6321022727272727,-0.032670454545454586,-4.91452991452992
Low,Macro Precision,0.6648517430704804,0.5648263349948514,-0.1000254080756291,-15.044768870377387
Low,Macro Recall,0.5472482242197109,0.5259538109926589,-0.021294413227051945,-3.8911799590422427
Low,Macro F1-Score,0.5463732799475324,0.5248718872664289,-0.021501392681103515,-3.9352935932680073
Medium,Accuracy,0.632471008028546,0.6150758251561106,-0.017395182872435355,-2.7503526093088904
Medium,Macro Precision,0.672437377662125,0.5780516202406017,-0.09438575742152322,-14.036363913867469
Medium,Macro Recall,0.5321507736184165,0.5471880508716014,0.015037277253184933,2.8257550300899403
Medium,Macro F1-Score,0.5235847991936753,0.5248129803333089,0.0012281811396336328,0.23457158067328185
High,Accuracy,0.5298507462686567,0.3805970149253731,-0.14925373134328357,-28.16901408450704
High,Macro Precision,0.2519099036340416,0.3048255665902725,0.0529156629562309,21.005789051113826
High,Macro Recall,0.39941790789248416,0.3509569775521919,-0.04846093034029225,-12.132888732003732
High,Macro F1-Score,0.29634058605067176,0.2743824802648332,-0.021958105785838566,-7.409753108230647
