filename,resolved_path,root,how
MST-5/0592_0_0_0_02.jpg,data/processed/images/processed/MST-5/0592_0_0_0_02.jpg,processed,no_match_used_rule
MST-5/0592_0_0_0_03.jpg,data/processed/images/processed/MST-5/0592_0_0_0_03.jpg,processed,no_match_used_rule
MST-5/0592_0_0_0_04.jpg,data/processed/images/processed/MST-5/0592_0_0_0_04.jpg,processed,no_match_used_rule
MST-5/0592_0_0_0_05.jpg,data/processed/images/processed/MST-5/0592_0_0_0_05.jpg,processed,no_match_used_rule
MST-5/0607_0_0_0_01.jpg,data/processed/images/processed/MST-5/0607_0_0_0_01.jpg,processed,no_match_used_rule
MST-5/0607_0_0_0_02.jpg,data/processed/images/processed/MST-5/0607_0_0_0_02.jpg,processed,no_match_used_rule
MST-5/0607_0_0_0_03.jpg,data/processed/images/processed/MST-5/0607_0_0_0_03.jpg,processed,no_match_used_rule
MST-5/0607_0_0_0_04.jpg,data/processed/images/processed/MST-5/0607_0_0_0_04.jpg,processed,no_match_used_rule
MST-5/0607_0_0_0_05.jpg,data/processed/images/processed/MST-5/0607_0_0_0_05.jpg,processed,no_match_used_rule
MST-5/0848_0_0_0_01.jpg,data/processed/images/processed/MST-5/0848_0_0_0_01.jpg,processed,no_match_used_rule
MST-5/0848_0_0_0_02.jpg,data/processed/images/processed/MST-5/0848_0_0_0_02.jpg,processed,no_match_used_rule
MST-5/0848_0_0_0_03.jpg,data/processed/images/processed/MST-5/0848_0_0_0_03.jpg,processed,no_match_used_rule
MST-5/0848_0_0_0_04.jpg,data/processed/images/processed/MST-5/0848_0_0_0_04.jpg,processed,no_match_used_rule
MST-5/0848_0_0_0_05.jpg,data/processed/images/processed/MST-5/0848_0_0_0_05.jpg,processed,no_match_used_rule
MST-5/0848_0_0_0_06.jpg,data/processed/images/processed/MST-5/0848_0_0_0_06.jpg,processed,no_match_used_rule
MST-5/0848_0_0_0_07.jpg,data/processed/images/processed/MST-5/0848_0_0_0_07.jpg,processed,no_match_used_rule
MST-5/0848_0_0_0_08.jpg,data/processed/images/processed/MST-5/0848_0_0_0_08.jpg,processed,no_match_used_rule
MST-5/0848_0_0_0_09.jpg,data/processed/images/processed/MST-5/0848_0_0_0_09.jpg,processed,no_match_used_rule
MST-5/0848_0_0_0_10.jpg,data/processed/images/processed/MST-5/0848_0_0_0_10.jpg,processed,no_match_used_rule
MST-5/1068_0_0_0_01.jpg,data/processed/images/processed/MST-5/1068_0_0_0_01.jpg,processed,no_match_used_rule
MST-5/1068_0_0_0_02.jpg,data/processed/images/processed/MST-5/1068_0_0_0_02.jpg,processed,no_match_used_rule
MST-5/1068_0_0_0_03.jpg,data/processed/images/processed/MST-5/1068_0_0_0_03.jpg,processed,no_match_used_rule
MST-5/1068_0_0_0_04.jpg,data/processed/images/processed/MST-5/1068_0_0_0_04.jpg,processed,no_match_used_rule
MST-5/1068_0_0_0_05.jpg,data/processed/images/processed/MST-5/1068_0_0_0_05.jpg,processed,no_match_used_rule
MST-5/1068_0_0_0_06.jpg,data/processed/images/processed/MST-5/1068_0_0_0_06.jpg,processed,no_match_used_rule
MST-5/1068_0_0_0_07.jpg,data/processed/images/processed/MST-5/1068_0_0_0_07.jpg,processed,no_match_used_rule
MST-5/1068_0_0_0_08.jpg,data/processed/images/processed/MST-5/1068_0_0_0_08.jpg,processed,no_match_used_rule
MST-5/1068_0_0_0_09.jpg,data/processed/images/processed/MST-5/1068_0_0_0_09.jpg,processed,no_match_used_rule
MST-5/1068_0_0_0_10.jpg,data/processed/images/processed/MST-5/1068_0_0_0_10.jpg,processed,no_match_used_rule
MST-6/0768_0_0_0_03.jpg,data/processed/images/processed/MST-6/0768_0_0_0_03.jpg,processed,no_match_used_rule
MST-6/0841_1_0_0_14.jpg,data/processed/images/processed/MST-6/0841_1_0_0_14.jpg,processed,no_match_used_rule
MST-6/0841_1_0_0_15.jpg,data/processed/images/processed/MST-6/0841_1_0_0_15.jpg,processed,no_match_used_rule
MST-6/0841_1_0_0_16.jpg,data/processed/images/processed/MST-6/0841_1_0_0_16.jpg,processed,no_match_used_rule
MST-6/0841_2_0_0_04.jpg,data/processed/images/processed/MST-6/0841_2_0_0_04.jpg,processed,no_match_used_rule
MST-6/0841_3_0_0_17.jpg,data/processed/images/processed/MST-6/0841_3_0_0_17.jpg,processed,no_match_used_rule
MST-6/0841_3_0_0_18.jpg,data/processed/images/processed/MST-6/0841_3_0_0_18.jpg,processed,no_match_used_rule
MST-6/0841_4_0_0_12.jpg,data/processed/images/processed/MST-6/0841_4_0_0_12.jpg,processed,no_match_used_rule
MST-6/0841_4_0_0_13.jpg,data/processed/images/processed/MST-6/0841_4_0_0_13.jpg,processed,no_match_used_rule
MST-6/0841_5_0_0_20.jpg,data/processed/images/processed/MST-6/0841_5_0_0_20.jpg,processed,no_match_used_rule
MST-6/0841_5_0_0_21.jpg,data/processed/images/processed/MST-6/0841_5_0_0_21.jpg,processed,no_match_used_rule
MST-6/0841_6_0_0_10.jpg,data/processed/images/processed/MST-6/0841_6_0_0_10.jpg,processed,no_match_used_rule
MST-6/0841_7_0_0_07.jpg,data/processed/images/processed/MST-6/0841_7_0_0_07.jpg,processed,no_match_used_rule
MST-6/0853_0_0_0_01.jpg,data/processed/images/processed/MST-6/0853_0_0_0_01.jpg,processed,no_match_used_rule
MST-6/0853_0_0_0_02.jpg,data/processed/images/processed/MST-6/0853_0_0_0_02.jpg,processed,no_match_used_rule
MST-6/0853_0_0_0_03.jpg,data/processed/images/processed/MST-6/0853_0_0_0_03.jpg,processed,no_match_used_rule
MST-6/0853_0_0_0_04.jpg,data/processed/images/processed/MST-6/0853_0_0_0_04.jpg,processed,no_match_used_rule
MST-6/0853_0_0_0_05.jpg,data/processed/images/processed/MST-6/0853_0_0_0_05.jpg,processed,no_match_used_rule
MST-6/0853_0_0_0_06.jpg,data/processed/images/processed/MST-6/0853_0_0_0_06.jpg,processed,no_match_used_rule
MST-6/0948_0_0_0_01.jpg,data/processed/images/processed/MST-6/0948_0_0_0_01.jpg,processed,no_match_used_rule
MST-6/0948_0_0_0_02.jpg,data/processed/images/processed/MST-6/0948_0_0_0_02.jpg,processed,no_match_used_rule
MST-6/0948_0_0_0_03.jpg,data/processed/images/processed/MST-6/0948_0_0_0_03.jpg,processed,no_match_used_rule
MST-6/0948_0_0_0_04.jpg,data/processed/images/processed/MST-6/0948_0_0_0_04.jpg,processed,no_match_used_rule
MST-6/0948_0_0_0_05.jpg,data/processed/images/processed/MST-6/0948_0_0_0_05.jpg,processed,no_match_used_rule
MST-6/0948_0_0_0_06.jpg,data/processed/images/processed/MST-6/0948_0_0_0_06.jpg,processed,no_match_used_rule
MST-6/0948_0_0_0_07.jpg,data/processed/images/processed/MST-6/0948_0_0_0_07.jpg,processed,no_match_used_rule
MST-6/0948_0_0_0_08.jpg,data/processed/images/processed/MST-6/0948_0_0_0_08.jpg,processed,no_match_used_rule
MST-6/0955_0_0_0_01.jpg,data/processed/images/processed/MST-6/0955_0_0_0_01.jpg,processed,no_match_used_rule
MST-6/0955_0_0_0_02.jpg,data/processed/images/processed/MST-6/0955_0_0_0_02.jpg,processed,no_match_used_rule
MST-6/0955_0_0_0_03.jpg,data/processed/images/processed/MST-6/0955_0_0_0_03.jpg,processed,no_match_used_rule
MST-6/0955_0_0_0_04.jpg,data/processed/images/processed/MST-6/0955_0_0_0_04.jpg,processed,no_match_used_rule
MST-6/0955_0_0_0_05.jpg,data/processed/images/processed/MST-6/0955_0_0_0_05.jpg,processed,no_match_used_rule
MST-6/0955_0_0_0_06.jpg,data/processed/images/processed/MST-6/0955_0_0_0_06.jpg,processed,no_match_used_rule
MST-6/0955_0_0_0_07.jpg,data/processed/images/processed/MST-6/0955_0_0_0_07.jpg,processed,no_match_used_rule
MST-6/0955_0_0_0_08.jpg,data/processed/images/processed/MST-6/0955_0_0_0_08.jpg,processed,no_match_used_rule
MST-6/0955_0_0_0_09.jpg,data/processed/images/processed/MST-6/0955_0_0_0_09.jpg,processed,no_match_used_rule
MST-6/0955_0_0_0_10.jpg,data/processed/images/processed/MST-6/0955_0_0_0_10.jpg,processed,no_match_used_rule
MST-6/0963_0_0_0_01.jpg,data/processed/images/processed/MST-6/0963_0_0_0_01.jpg,processed,no_match_used_rule
MST-6/0963_0_0_0_04.jpg,data/processed/images/processed/MST-6/0963_0_0_0_04.jpg,processed,no_match_used_rule
MST-6/0963_0_0_0_05.jpg,data/processed/images/processed/MST-6/0963_0_0_0_05.jpg,processed,no_match_used_rule
MST-6/0963_0_0_0_06.jpg,data/processed/images/processed/MST-6/0963_0_0_0_06.jpg,processed,no_match_used_rule
MST-6/0963_0_0_0_07.jpg,data/processed/images/processed/MST-6/0963_0_0_0_07.jpg,processed,no_match_used_rule
MST-6/0963_0_0_0_08.jpg,data/processed/images/processed/MST-6/0963_0_0_0_08.jpg,processed,no_match_used_rule
MST-6/0963_0_0_0_09.jpg,data/processed/images/processed/MST-6/0963_0_0_0_09.jpg,processed,no_match_used_rule
MST-6/0963_0_0_0_10.jpg,data/processed/images/processed/MST-6/0963_0_0_0_10.jpg,processed,no_match_used_rule
MST-6/0979_0_0_0_01.jpg,data/processed/images/processed/MST-6/0979_0_0_0_01.jpg,processed,no_match_used_rule
MST-6/0979_0_0_0_02.jpg,data/processed/images/processed/MST-6/0979_0_0_0_02.jpg,processed,no_match_used_rule
MST-6/0979_0_0_0_05.jpg,data/processed/images/processed/MST-6/0979_0_0_0_05.jpg,processed,no_match_used_rule
MST-6/0979_0_0_0_06.jpg,data/processed/images/processed/MST-6/0979_0_0_0_06.jpg,processed,no_match_used_rule
MST-6/0979_0_0_0_07.jpg,data/processed/images/processed/MST-6/0979_0_0_0_07.jpg,processed,no_match_used_rule
MST-6/0979_0_0_0_08.jpg,data/processed/images/processed/MST-6/0979_0_0_0_08.jpg,processed,no_match_used_rule
MST-6/0979_0_0_0_09.jpg,data/processed/images/processed/MST-6/0979_0_0_0_09.jpg,processed,no_match_used_rule
MST-6/0979_0_0_0_10.jpg,data/processed/images/processed/MST-6/0979_0_0_0_10.jpg,processed,no_match_used_rule
MST-6/0979_0_0_0_11.jpg,data/processed/images/processed/MST-6/0979_0_0_0_11.jpg,processed,no_match_used_rule
MST-6/0979_0_0_0_12.jpg,data/processed/images/processed/MST-6/0979_0_0_0_12.jpg,processed,no_match_used_rule
MST-6/0979_0_0_0_13.jpg,data/processed/images/processed/MST-6/0979_0_0_0_13.jpg,processed,no_match_used_rule
MST-6/0979_0_0_0_14.jpg,data/processed/images/processed/MST-6/0979_0_0_0_14.jpg,processed,no_match_used_rule
MST-6/1010_0_0_0_01.jpg,data/processed/images/processed/MST-6/1010_0_0_0_01.jpg,processed,no_match_used_rule
MST-6/1010_0_0_0_07.jpg,data/processed/images/processed/MST-6/1010_0_0_0_07.jpg,processed,no_match_used_rule
MST-6/1010_0_0_0_08.jpg,data/processed/images/processed/MST-6/1010_0_0_0_08.jpg,processed,no_match_used_rule
MST-6/1010_0_0_0_09.jpg,data/processed/images/processed/MST-6/1010_0_0_0_09.jpg,processed,no_match_used_rule
MST-6/1010_0_0_0_10.jpg,data/processed/images/processed/MST-6/1010_0_0_0_10.jpg,processed,no_match_used_rule
MST-6/1010_0_0_0_11.jpg,data/processed/images/processed/MST-6/1010_0_0_0_11.jpg,processed,no_match_used_rule
MST-6/1010_0_0_0_12.jpg,data/processed/images/processed/MST-6/1010_0_0_0_12.jpg,processed,no_match_used_rule
MST-6/1010_0_0_0_13.jpg,data/processed/images/processed/MST-6/1010_0_0_0_13.jpg,processed,no_match_used_rule
MST-6/1010_0_0_0_14.jpg,data/processed/images/processed/MST-6/1010_0_0_0_14.jpg,processed,no_match_used_rule
MST-6/1010_0_0_0_15.jpg,data/processed/images/processed/MST-6/1010_0_0_0_15.jpg,processed,no_match_used_rule
MST-6/1010_0_0_0_16.jpg,data/processed/images/processed/MST-6/1010_0_0_0_16.jpg,processed,no_match_used_rule
MST-6/1023_0_0_0_05.jpg,data/processed/images/processed/MST-6/1023_0_0_0_05.jpg,processed,no_match_used_rule
MST-6/1023_0_0_0_12.jpg,data/processed/images/processed/MST-6/1023_0_0_0_12.jpg,processed,no_match_used_rule
MST-6/1023_0_0_0_14.jpg,data/processed/images/processed/MST-6/1023_0_0_0_14.jpg,processed,no_match_used_rule
MST-6/1046_0_0_0_01.jpg,data/processed/images/processed/MST-6/1046_0_0_0_01.jpg,processed,no_match_used_rule
MST-6/1046_0_0_0_02.jpg,data/processed/images/processed/MST-6/1046_0_0_0_02.jpg,processed,no_match_used_rule
MST-6/1046_0_0_0_03.jpg,data/processed/images/processed/MST-6/1046_0_0_0_03.jpg,processed,no_match_used_rule
MST-6/1046_0_0_0_04.jpg,data/processed/images/processed/MST-6/1046_0_0_0_04.jpg,processed,no_match_used_rule
MST-6/1046_0_0_0_05.jpg,data/processed/images/processed/MST-6/1046_0_0_0_05.jpg,processed,no_match_used_rule
MST-6/1046_0_0_0_06.jpg,data/processed/images/processed/MST-6/1046_0_0_0_06.jpg,processed,no_match_used_rule
MST-6/1046_0_0_0_07.jpg,data/processed/images/processed/MST-6/1046_0_0_0_07.jpg,processed,no_match_used_rule
MST-6/1046_0_0_0_08.jpg,data/processed/images/processed/MST-6/1046_0_0_0_08.jpg,processed,no_match_used_rule
MST-6/1046_0_0_0_09.jpg,data/processed/images/processed/MST-6/1046_0_0_0_09.jpg,processed,no_match_used_rule
MST-6/1046_0_0_0_10.jpg,data/processed/images/processed/MST-6/1046_0_0_0_10.jpg,processed,no_match_used_rule
MST-6/1046_0_0_0_11.jpg,data/processed/images/processed/MST-6/1046_0_0_0_11.jpg,processed,no_match_used_rule
MST-6/1046_0_0_0_12.jpg,data/processed/images/processed/MST-6/1046_0_0_0_12.jpg,processed,no_match_used_rule
MST-6/1046_0_0_0_13.jpg,data/processed/images/processed/MST-6/1046_0_0_0_13.jpg,processed,no_match_used_rule
MST-6/1046_0_0_0_14.jpg,data/processed/images/processed/MST-6/1046_0_0_0_14.jpg,processed,no_match_used_rule
MST-6/1046_0_0_0_15.jpg,data/processed/images/processed/MST-6/1046_0_0_0_15.jpg,processed,no_match_used_rule
MST-6/1046_0_0_0_16.jpg,data/processed/images/processed/MST-6/1046_0_0_0_16.jpg,processed,no_match_used_rule
MST-6/1077_0_0_0_01.jpg,data/processed/images/processed/MST-6/1077_0_0_0_01.jpg,processed,no_match_used_rule
MST-6/1077_0_0_0_02.jpg,data/processed/images/processed/MST-6/1077_0_0_0_02.jpg,processed,no_match_used_rule
MST-6/1077_0_0_0_03.jpg,data/processed/images/processed/MST-6/1077_0_0_0_03.jpg,processed,no_match_used_rule
MST-6/1077_0_0_0_04.jpg,data/processed/images/processed/MST-6/1077_0_0_0_04.jpg,processed,no_match_used_rule
MST-6/1077_0_0_0_05.jpg,data/processed/images/processed/MST-6/1077_0_0_0_05.jpg,processed,no_match_used_rule
MST-6/1077_0_0_0_06.jpg,data/processed/images/processed/MST-6/1077_0_0_0_06.jpg,processed,no_match_used_rule
MST-6/1077_0_0_0_07.jpg,data/processed/images/processed/MST-6/1077_0_0_0_07.jpg,processed,no_match_used_rule
MST-6/1077_0_0_0_08.jpg,data/processed/images/processed/MST-6/1077_0_0_0_08.jpg,processed,no_match_used_rule
MST-6/1077_0_0_0_09.jpg,data/processed/images/processed/MST-6/1077_0_0_0_09.jpg,processed,no_match_used_rule
MST-6/1079_0_0_0_01.jpg,data/processed/images/processed/MST-6/1079_0_0_0_01.jpg,processed,no_match_used_rule
MST-6/1079_0_0_0_02.jpg,data/processed/images/processed/MST-6/1079_0_0_0_02.jpg,processed,no_match_used_rule
MST-6/1079_0_0_0_03.jpg,data/processed/images/processed/MST-6/1079_0_0_0_03.jpg,processed,no_match_used_rule
MST-6/1079_0_0_0_04.jpg,data/processed/images/processed/MST-6/1079_0_0_0_04.jpg,processed,no_match_used_rule
MST-6/1079_0_0_0_05.jpg,data/processed/images/processed/MST-6/1079_0_0_0_05.jpg,processed,no_match_used_rule
MST-6/1079_0_0_0_06.jpg,data/processed/images/processed/MST-6/1079_0_0_0_06.jpg,processed,no_match_used_rule
MST-6/1079_0_0_0_07.jpg,data/processed/images/processed/MST-6/1079_0_0_0_07.jpg,processed,no_match_used_rule
MST-6/1079_0_0_0_08.jpg,data/processed/images/processed/MST-6/1079_0_0_0_08.jpg,processed,no_match_used_rule
MST-6/1079_0_0_0_09.jpg,data/processed/images/processed/MST-6/1079_0_0_0_09.jpg,processed,no_match_used_rule
MST-6/1079_0_0_0_10.jpg,data/processed/images/processed/MST-6/1079_0_0_0_10.jpg,processed,no_match_used_rule
MST-6/1079_0_0_0_11.jpg,data/processed/images/processed/MST-6/1079_0_0_0_11.jpg,processed,no_match_used_rule
MST-6/1079_0_0_0_12.jpg,data/processed/images/processed/MST-6/1079_0_0_0_12.jpg,processed,no_match_used_rule
MST-6/1079_0_0_0_13.jpg,data/processed/images/processed/MST-6/1079_0_0_0_13.jpg,processed,no_match_used_rule
MST-6/1081_0_0_0_01.jpg,data/processed/images/processed/MST-6/1081_0_0_0_01.jpg,processed,no_match_used_rule
MST-6/1081_0_0_0_02.jpg,data/processed/images/processed/MST-6/1081_0_0_0_02.jpg,processed,no_match_used_rule
MST-6/1081_0_0_0_03.jpg,data/processed/images/processed/MST-6/1081_0_0_0_03.jpg,processed,no_match_used_rule
MST-6/1081_0_0_0_04.jpg,data/processed/images/processed/MST-6/1081_0_0_0_04.jpg,processed,no_match_used_rule
MST-6/1081_0_0_0_05.jpg,data/processed/images/processed/MST-6/1081_0_0_0_05.jpg,processed,no_match_used_rule
MST-6/1081_0_0_0_06.jpg,data/processed/images/processed/MST-6/1081_0_0_0_06.jpg,processed,no_match_used_rule
MST-6/1081_0_0_0_07.jpg,data/processed/images/processed/MST-6/1081_0_0_0_07.jpg,processed,no_match_used_rule
MST-6/1081_0_0_0_08.jpg,data/processed/images/processed/MST-6/1081_0_0_0_08.jpg,processed,no_match_used_rule
MST-6/1081_0_0_0_09.jpg,data/processed/images/processed/MST-6/1081_0_0_0_09.jpg,processed,no_match_used_rule
MST-6/1081_0_0_0_10.jpg,data/processed/images/processed/MST-6/1081_0_0_0_10.jpg,processed,no_match_used_rule
MST-6/1084_0_0_0_01.jpg,data/processed/images/processed/MST-6/1084_0_0_0_01.jpg,processed,no_match_used_rule
MST-6/1084_0_0_0_02.jpg,data/processed/images/processed/MST-6/1084_0_0_0_02.jpg,processed,no_match_used_rule
MST-6/1084_0_0_0_03.jpg,data/processed/images/processed/MST-6/1084_0_0_0_03.jpg,processed,no_match_used_rule
MST-6/1084_0_0_0_04.jpg,data/processed/images/processed/MST-6/1084_0_0_0_04.jpg,processed,no_match_used_rule
MST-6/1084_0_0_0_05.jpg,data/processed/images/processed/MST-6/1084_0_0_0_05.jpg,processed,no_match_used_rule
MST-6/1084_0_0_0_06.jpg,data/processed/images/processed/MST-6/1084_0_0_0_06.jpg,processed,no_match_used_rule
MST-6/1084_0_0_0_07.jpg,data/processed/images/processed/MST-6/1084_0_0_0_07.jpg,processed,no_match_used_rule
MST-6/1084_0_0_0_08.jpg,data/processed/images/processed/MST-6/1084_0_0_0_08.jpg,processed,no_match_used_rule
MST-6/1084_0_0_0_09.jpg,data/processed/images/processed/MST-6/1084_0_0_0_09.jpg,processed,no_match_used_rule
MST-6/1084_0_0_0_10.jpg,data/processed/images/processed/MST-6/1084_0_0_0_10.jpg,processed,no_match_used_rule
MST-6/1090_0_0_0_02.jpg,data/processed/images/processed/MST-6/1090_0_0_0_02.jpg,processed,no_match_used_rule
MST-6/1090_0_0_0_04.jpg,data/processed/images/processed/MST-6/1090_0_0_0_04.jpg,processed,no_match_used_rule
MST-6/1115_0_0_0_01.jpg,data/processed/images/processed/MST-6/1115_0_0_0_01.jpg,processed,no_match_used_rule
MST-6/1115_0_0_0_02.jpg,data/processed/images/processed/MST-6/1115_0_0_0_02.jpg,processed,no_match_used_rule
MST-6/1115_0_0_0_03.jpg,data/processed/images/processed/MST-6/1115_0_0_0_03.jpg,processed,no_match_used_rule
MST-6/1115_0_0_0_04.jpg,data/processed/images/processed/MST-6/1115_0_0_0_04.jpg,processed,no_match_used_rule
MST-6/1115_0_0_0_05.jpg,data/processed/images/processed/MST-6/1115_0_0_0_05.jpg,processed,no_match_used_rule
MST-6/1115_0_0_0_06.jpg,data/processed/images/processed/MST-6/1115_0_0_0_06.jpg,processed,no_match_used_rule
MST-6/1115_0_0_0_07.jpg,data/processed/images/processed/MST-6/1115_0_0_0_07.jpg,processed,no_match_used_rule
MST-6/1115_0_0_0_08.jpg,data/processed/images/processed/MST-6/1115_0_0_0_08.jpg,processed,no_match_used_rule
MST-6/1128_0_0_0_01.jpg,data/processed/images/processed/MST-6/1128_0_0_0_01.jpg,processed,no_match_used_rule
MST-6/1128_0_0_0_02.jpg,data/processed/images/processed/MST-6/1128_0_0_0_02.jpg,processed,no_match_used_rule
MST-6/1128_0_0_0_03.jpg,data/processed/images/processed/MST-6/1128_0_0_0_03.jpg,processed,no_match_used_rule
MST-6/1128_0_0_0_04.jpg,data/processed/images/processed/MST-6/1128_0_0_0_04.jpg,processed,no_match_used_rule
MST-6/1128_0_0_0_05.jpg,data/processed/images/processed/MST-6/1128_0_0_0_05.jpg,processed,no_match_used_rule
MST-6/1128_0_0_0_06.jpg,data/processed/images/processed/MST-6/1128_0_0_0_06.jpg,processed,no_match_used_rule
MST-6/1128_0_0_0_07.jpg,data/processed/images/processed/MST-6/1128_0_0_0_07.jpg,processed,no_match_used_rule
MST-6/1128_0_0_0_08.jpg,data/processed/images/processed/MST-6/1128_0_0_0_08.jpg,processed,no_match_used_rule
MST-6/1128_0_0_0_09.jpg,data/processed/images/processed/MST-6/1128_0_0_0_09.jpg,processed,no_match_used_rule
MST-6/1128_0_0_0_10.jpg,data/processed/images/processed/MST-6/1128_0_0_0_10.jpg,processed,no_match_used_rule
MST-6/1132_0_0_0_01.jpg,data/processed/images/processed/MST-6/1132_0_0_0_01.jpg,processed,no_match_used_rule
MST-6/1132_0_0_0_02.jpg,data/processed/images/processed/MST-6/1132_0_0_0_02.jpg,processed,no_match_used_rule
MST-6/1132_0_0_0_03.jpg,data/processed/images/processed/MST-6/1132_0_0_0_03.jpg,processed,no_match_used_rule
MST-6/1132_0_0_0_04.jpg,data/processed/images/processed/MST-6/1132_0_0_0_04.jpg,processed,no_match_used_rule
MST-6/1132_0_0_0_05.jpg,data/processed/images/processed/MST-6/1132_0_0_0_05.jpg,processed,no_match_used_rule
MST-6/1132_0_0_0_06.jpg,data/processed/images/processed/MST-6/1132_0_0_0_06.jpg,processed,no_match_used_rule
MST-6/1132_0_0_0_07.jpg,data/processed/images/processed/MST-6/1132_0_0_0_07.jpg,processed,no_match_used_rule
MST-6/1132_0_0_0_08.jpg,data/processed/images/processed/MST-6/1132_0_0_0_08.jpg,processed,no_match_used_rule
MST-6/1132_0_0_0_09.jpg,data/processed/images/processed/MST-6/1132_0_0_0_09.jpg,processed,no_match_used_rule
MST-6/1132_0_0_0_10.jpg,data/processed/images/processed/MST-6/1132_0_0_0_10.jpg,processed,no_match_used_rule
MST-5/0257_0_0_0_02.jpg,data/processed/images/processed/MST-5/0257_0_0_0_02.jpg,processed,no_match_used_rule
MST-5/0257_0_0_0_03.jpg,data/processed/images/processed/MST-5/0257_0_0_0_03.jpg,processed,no_match_used_rule
MST-5/0257_0_0_0_04.jpg,data/processed/images/processed/MST-5/0257_0_0_0_04.jpg,processed,no_match_used_rule
MST-5/0257_0_0_0_05.jpg,data/processed/images/processed/MST-5/0257_0_0_0_05.jpg,processed,no_match_used_rule
MST-5/0257_0_0_0_06.jpg,data/processed/images/processed/MST-5/0257_0_0_0_06.jpg,processed,no_match_used_rule
MST-5/0482_0_0_0_01.jpg,data/processed/images/processed/MST-5/0482_0_0_0_01.jpg,processed,no_match_used_rule
MST-5/0482_0_0_0_02.jpg,data/processed/images/processed/MST-5/0482_0_0_0_02.jpg,processed,no_match_used_rule
MST-5/0482_0_0_0_03.jpg,data/processed/images/processed/MST-5/0482_0_0_0_03.jpg,processed,no_match_used_rule
MST-5/0482_0_0_0_04.jpg,data/processed/images/processed/MST-5/0482_0_0_0_04.jpg,processed,no_match_used_rule
MST-5/0482_0_0_0_05.jpg,data/processed/images/processed/MST-5/0482_0_0_0_05.jpg,processed,no_match_used_rule
MST-5/0482_0_0_0_06.jpg,data/processed/images/processed/MST-5/0482_0_0_0_06.jpg,processed,no_match_used_rule
MST-5/0482_0_0_0_07.jpg,data/processed/images/processed/MST-5/0482_0_0_0_07.jpg,processed,no_match_used_rule
MST-5/0482_0_0_0_08.jpg,data/processed/images/processed/MST-5/0482_0_0_0_08.jpg,processed,no_match_used_rule
MST-5/0482_0_0_0_09.jpg,data/processed/images/processed/MST-5/0482_0_0_0_09.jpg,processed,no_match_used_rule
MST-5/0482_0_0_0_10.jpg,data/processed/images/processed/MST-5/0482_0_0_0_10.jpg,processed,no_match_used_rule
MST-5/0482_0_0_0_11.jpg,data/processed/images/processed/MST-5/0482_0_0_0_11.jpg,processed,no_match_used_rule
MST-5/0482_0_0_0_12.jpg,data/processed/images/processed/MST-5/0482_0_0_0_12.jpg,processed,no_match_used_rule
MST-5/0482_0_0_0_13.jpg,data/processed/images/processed/MST-5/0482_0_0_0_13.jpg,processed,no_match_used_rule
MST-5/0482_0_0_0_14.jpg,data/processed/images/processed/MST-5/0482_0_0_0_14.jpg,processed,no_match_used_rule
MST-5/0482_0_0_0_15.jpg,data/processed/images/processed/MST-5/0482_0_0_0_15.jpg,processed,no_match_used_rule
MST-5/0482_0_0_0_16.jpg,data/processed/images/processed/MST-5/0482_0_0_0_16.jpg,processed,no_match_used_rule
MST-5/1080_0_0_0_01.jpg,data/processed/images/processed/MST-5/1080_0_0_0_01.jpg,processed,no_match_used_rule
MST-5/1080_0_0_0_02.jpg,data/processed/images/processed/MST-5/1080_0_0_0_02.jpg,processed,no_match_used_rule
MST-5/1080_0_0_0_03.jpg,data/processed/images/processed/MST-5/1080_0_0_0_03.jpg,processed,no_match_used_rule
MST-5/1080_0_0_0_04.jpg,data/processed/images/processed/MST-5/1080_0_0_0_04.jpg,processed,no_match_used_rule
MST-5/1080_0_0_0_05.jpg,data/processed/images/processed/MST-5/1080_0_0_0_05.jpg,processed,no_match_used_rule
MST-5/1080_0_0_0_06.jpg,data/processed/images/processed/MST-5/1080_0_0_0_06.jpg,processed,no_match_used_rule
MST-5/1080_0_0_0_07.jpg,data/processed/images/processed/MST-5/1080_0_0_0_07.jpg,processed,no_match_used_rule
MST-5/1080_0_0_0_08.jpg,data/processed/images/processed/MST-5/1080_0_0_0_08.jpg,processed,no_match_used_rule
MST-5/1080_0_0_0_09.jpg,data/processed/images/processed/MST-5/1080_0_0_0_09.jpg,processed,no_match_used_rule
MST-5/1080_0_0_0_10.jpg,data/processed/images/processed/MST-5/1080_0_0_0_10.jpg,processed,no_match_used_rule
MST-6/0794_0_0_0_01.jpg,data/processed/images/processed/MST-6/0794_0_0_0_01.jpg,processed,no_match_used_rule
MST-6/0794_0_0_0_03.jpg,data/processed/images/processed/MST-6/0794_0_0_0_03.jpg,processed,no_match_used_rule
MST-6/0794_0_0_0_05.jpg,data/processed/images/processed/MST-6/0794_0_0_0_05.jpg,processed,no_match_used_rule
MST-6/0794_0_0_0_06.jpg,data/processed/images/processed/MST-6/0794_0_0_0_06.jpg,processed,no_match_used_rule
MST-6/0876_0_0_0_01.jpg,data/processed/images/processed/MST-6/0876_0_0_0_01.jpg,processed,no_match_used_rule
MST-6/0876_0_0_0_02.jpg,data/processed/images/processed/MST-6/0876_0_0_0_02.jpg,processed,no_match_used_rule
MST-6/0876_0_0_0_06.jpg,data/processed/images/processed/MST-6/0876_0_0_0_06.jpg,processed,no_match_used_rule
MST-6/0876_0_0_0_07.jpg,data/processed/images/processed/MST-6/0876_0_0_0_07.jpg,processed,no_match_used_rule
MST-6/0876_0_0_0_08.jpg,data/processed/images/processed/MST-6/0876_0_0_0_08.jpg,processed,no_match_used_rule
MST-6/0876_0_0_0_09.jpg,data/processed/images/processed/MST-6/0876_0_0_0_09.jpg,processed,no_match_used_rule
MST-6/0876_0_0_0_10.jpg,data/processed/images/processed/MST-6/0876_0_0_0_10.jpg,processed,no_match_used_rule
MST-6/0876_0_0_0_11.jpg,data/processed/images/processed/MST-6/0876_0_0_0_11.jpg,processed,no_match_used_rule
MST-6/1041_0_0_0_02.jpg,data/processed/images/processed/MST-6/1041_0_0_0_02.jpg,processed,no_match_used_rule
MST-6/1041_0_0_0_03.jpg,data/processed/images/processed/MST-6/1041_0_0_0_03.jpg,processed,no_match_used_rule
MST-6/1041_0_0_0_04.jpg,data/processed/images/processed/MST-6/1041_0_0_0_04.jpg,processed,no_match_used_rule
MST-6/1055_0_0_0_04.jpg,data/processed/images/processed/MST-6/1055_0_0_0_04.jpg,processed,no_match_used_rule
MST-6/1086_0_0_0_01.jpg,data/processed/images/processed/MST-6/1086_0_0_0_01.jpg,processed,no_match_used_rule
MST-6/1086_0_0_0_02.jpg,data/processed/images/processed/MST-6/1086_0_0_0_02.jpg,processed,no_match_used_rule
MST-6/1086_0_0_0_03.jpg,data/processed/images/processed/MST-6/1086_0_0_0_03.jpg,processed,no_match_used_rule
MST-6/1086_0_0_0_04.jpg,data/processed/images/processed/MST-6/1086_0_0_0_04.jpg,processed,no_match_used_rule
MST-6/1086_0_0_0_05.jpg,data/processed/images/processed/MST-6/1086_0_0_0_05.jpg,processed,no_match_used_rule
MST-6/1086_0_0_0_06.jpg,data/processed/images/processed/MST-6/1086_0_0_0_06.jpg,processed,no_match_used_rule
MST-6/1086_0_0_0_07.jpg,data/processed/images/processed/MST-6/1086_0_0_0_07.jpg,processed,no_match_used_rule
MST-6/1086_0_0_0_08.jpg,data/processed/images/processed/MST-6/1086_0_0_0_08.jpg,processed,no_match_used_rule
MST-6/1086_0_0_0_09.jpg,data/processed/images/processed/MST-6/1086_0_0_0_09.jpg,processed,no_match_used_rule
MST-6/1086_0_0_0_10.jpg,data/processed/images/processed/MST-6/1086_0_0_0_10.jpg,processed,no_match_used_rule
MST-6/1118_0_0_0_01.jpg,data/processed/images/processed/MST-6/1118_0_0_0_01.jpg,processed,no_match_used_rule
MST-6/1118_0_0_0_02.jpg,data/processed/images/processed/MST-6/1118_0_0_0_02.jpg,processed,no_match_used_rule
MST-6/1118_0_0_0_03.jpg,data/processed/images/processed/MST-6/1118_0_0_0_03.jpg,processed,no_match_used_rule
MST-6/1118_0_0_0_04.jpg,data/processed/images/processed/MST-6/1118_0_0_0_04.jpg,processed,no_match_used_rule
MST-6/1118_0_0_0_05.jpg,data/processed/images/processed/MST-6/1118_0_0_0_05.jpg,processed,no_match_used_rule
MST-6/1118_0_0_0_06.jpg,data/processed/images/processed/MST-6/1118_0_0_0_06.jpg,processed,no_match_used_rule
MST-6/1118_0_0_0_07.jpg,data/processed/images/processed/MST-6/1118_0_0_0_07.jpg,processed,no_match_used_rule
MST-6/1118_0_0_0_08.jpg,data/processed/images/processed/MST-6/1118_0_0_0_08.jpg,processed,no_match_used_rule
MST-6/1118_0_0_0_09.jpg,data/processed/images/processed/MST-6/1118_0_0_0_09.jpg,processed,no_match_used_rule
MST-6/1118_0_0_0_10.jpg,data/processed/images/processed/MST-6/1118_0_0_0_10.jpg,processed,no_match_used_rule
MST-6/1123_0_0_0_01.jpg,data/processed/images/processed/MST-6/1123_0_0_0_01.jpg,processed,no_match_used_rule
MST-6/1123_0_0_0_02.jpg,data/processed/images/processed/MST-6/1123_0_0_0_02.jpg,processed,no_match_used_rule
MST-6/1123_0_0_0_03.jpg,data/processed/images/processed/MST-6/1123_0_0_0_03.jpg,processed,no_match_used_rule
MST-6/1123_0_0_0_04.jpg,data/processed/images/processed/MST-6/1123_0_0_0_04.jpg,processed,no_match_used_rule
MST-6/1123_0_0_0_05.jpg,data/processed/images/processed/MST-6/1123_0_0_0_05.jpg,processed,no_match_used_rule
MST-6/1123_0_0_0_06.jpg,data/processed/images/processed/MST-6/1123_0_0_0_06.jpg,processed,no_match_used_rule
MST-6/1123_0_0_0_07.jpg,data/processed/images/processed/MST-6/1123_0_0_0_07.jpg,processed,no_match_used_rule
MST-6/1123_0_0_0_08.jpg,data/processed/images/processed/MST-6/1123_0_0_0_08.jpg,processed,no_match_used_rule
MST-6/1123_0_0_0_09.jpg,data/processed/images/processed/MST-6/1123_0_0_0_09.jpg,processed,no_match_used_rule
MST-6/1123_0_0_0_10.jpg,data/processed/images/processed/MST-6/1123_0_0_0_10.jpg,processed,no_match_used_rule
MST-6/1130_0_0_0_01.jpg,data/processed/images/processed/MST-6/1130_0_0_0_01.jpg,processed,no_match_used_rule
MST-6/1130_0_0_0_02.jpg,data/processed/images/processed/MST-6/1130_0_0_0_02.jpg,processed,no_match_used_rule
MST-6/1130_0_0_0_03.jpg,data/processed/images/processed/MST-6/1130_0_0_0_03.jpg,processed,no_match_used_rule
MST-6/1130_0_0_0_04.jpg,data/processed/images/processed/MST-6/1130_0_0_0_04.jpg,processed,no_match_used_rule
MST-6/1130_0_0_0_05.jpg,data/processed/images/processed/MST-6/1130_0_0_0_05.jpg,processed,no_match_used_rule
MST-6/1130_0_0_0_06.jpg,data/processed/images/processed/MST-6/1130_0_0_0_06.jpg,processed,no_match_used_rule
MST-6/1130_0_0_0_07.jpg,data/processed/images/processed/MST-6/1130_0_0_0_07.jpg,processed,no_match_used_rule
MST-6/1130_0_0_0_08.jpg,data/processed/images/processed/MST-6/1130_0_0_0_08.jpg,processed,no_match_used_rule
MST-6/1130_0_0_0_09.jpg,data/processed/images/processed/MST-6/1130_0_0_0_09.jpg,processed,no_match_used_rule
MST-6/1130_0_0_0_10.jpg,data/processed/images/processed/MST-6/1130_0_0_0_10.jpg,processed,no_match_used_rule
MST-6/0784_0_0_0_01.jpg,data/processed/images/processed/MST-6/0784_0_0_0_01.jpg,processed,no_match_used_rule
MST-6/0784_0_0_0_02.jpg,data/processed/images/processed/MST-6/0784_0_0_0_02.jpg,processed,no_match_used_rule
MST-6/0784_0_0_0_03.jpg,data/processed/images/processed/MST-6/0784_0_0_0_03.jpg,processed,no_match_used_rule
MST-6/0784_0_0_0_05.jpg,data/processed/images/processed/MST-6/0784_0_0_0_05.jpg,processed,no_match_used_rule
MST-6/0784_0_0_0_06.jpg,data/processed/images/processed/MST-6/0784_0_0_0_06.jpg,processed,no_match_used_rule
MST-6/1107_0_0_0_02.jpg,data/processed/images/processed/MST-6/1107_0_0_0_02.jpg,processed,no_match_used_rule
MST-6/1107_0_0_0_04.jpg,data/processed/images/processed/MST-6/1107_0_0_0_04.jpg,processed,no_match_used_rule
MST-6/1107_0_0_0_05.jpg,data/processed/images/processed/MST-6/1107_0_0_0_05.jpg,processed,no_match_used_rule
MST-6/1107_0_0_0_06.jpg,data/processed/images/processed/MST-6/1107_0_0_0_06.jpg,processed,no_match_used_rule
MST-6/1107_0_0_0_08.jpg,data/processed/images/processed/MST-6/1107_0_0_0_08.jpg,processed,no_match_used_rule
MST-6/1107_0_0_0_09.jpg,data/processed/images/processed/MST-6/1107_0_0_0_09.jpg,processed,no_match_used_rule
MST-6/1122_0_0_0_01.jpg,data/processed/images/processed/MST-6/1122_0_0_0_01.jpg,processed,no_match_used_rule
MST-6/1122_0_0_0_02.jpg,data/processed/images/processed/MST-6/1122_0_0_0_02.jpg,processed,no_match_used_rule
MST-6/1122_0_0_0_03.jpg,data/processed/images/processed/MST-6/1122_0_0_0_03.jpg,processed,no_match_used_rule
MST-6/1122_0_0_0_04.jpg,data/processed/images/processed/MST-6/1122_0_0_0_04.jpg,processed,no_match_used_rule
MST-6/1122_0_0_0_05.jpg,data/processed/images/processed/MST-6/1122_0_0_0_05.jpg,processed,no_match_used_rule
MST-6/1122_0_0_0_06.jpg,data/processed/images/processed/MST-6/1122_0_0_0_06.jpg,processed,no_match_used_rule
MST-6/1122_0_0_0_07.jpg,data/processed/images/processed/MST-6/1122_0_0_0_07.jpg,processed,no_match_used_rule
MST-6/1122_0_0_0_08.jpg,data/processed/images/processed/MST-6/1122_0_0_0_08.jpg,processed,no_match_used_rule
MST-6/1122_0_0_0_09.jpg,data/processed/images/processed/MST-6/1122_0_0_0_09.jpg,processed,no_match_used_rule
MST-6/1122_0_0_0_10.jpg,data/processed/images/processed/MST-6/1122_0_0_0_10.jpg,processed,no_match_used_rule
