filename,reason
MST-1/Costas_Simitis_LFWCostas_Simitis_0004_face_1.jpg,no_face_landmarks
MST-10/0055_0_1_0_05.jpg,no_face_landmarks
MST-10/0055_0_1_0_07.jpg,no_face_landmarks
MST-10/0080_0_0_0_05 (2).jpg,no_face_landmarks
MST-10/0080_0_0_0_05.jpg,no_face_landmarks
MST-10/0080_0_0_0_09 (2).jpg,no_face_landmarks
MST-10/0080_0_0_0_09.jpg,no_face_landmarks
MST-10/0080_0_0_0_10 (2).jpg,no_face_landmarks
MST-10/0080_0_0_0_10.jpg,no_face_landmarks
MST-10/0080_0_0_0_11 (2).jpg,no_face_landmarks
MST-10/0080_0_0_0_11.jpg,no_face_landmarks
MST-10/0093_0_0_0_01 (2).jpg,no_face_landmarks
MST-10/0093_0_0_0_01.jpg,no_face_landmarks
MST-10/0093_0_0_0_05 (2).jpg,no_face_landmarks
MST-10/0093_0_0_0_05.jpg,no_face_landmarks
MST-10/0349_0_0_1_04.jpg,no_face_landmarks
MST-10/0549_2_0_0_10.jpg,no_face_landmarks
MST-10/0549_4_0_1_05.jpg,no_face_landmarks
MST-10/0549_6_0_0_04.jpg,no_face_landmarks
MST-10/0748_0_0_0_01 (2).jpg,no_face_landmarks
MST-10/0748_0_0_0_01.jpg,no_face_landmarks
MST-10/0819_0_0_0_02 (2).jpg,no_face_landmarks
MST-10/0819_0_0_0_02.jpg,no_face_landmarks
MST-10/0873_0_0_0_05 (2).jpg,no_face_landmarks
MST-10/0873_0_0_0_05.jpg,no_face_landmarks
MST-10/0873_0_0_0_06 (2).jpg,no_face_landmarks
MST-10/0873_0_0_0_06.jpg,no_face_landmarks
MST-10/0874_0_0_0_02.jpg,no_face_landmarks
MST-10/0938_0_0_0_09.jpg,no_face_landmarks
MST-2/111_Brazilian Faces111-01_face_1.jpg,no_face_landmarks
MST-2/129_Brazilian Faces129-01_face_1.jpg,no_face_landmarks
MST-2/154_Brazilian Faces154-01_face_1.jpg,no_face_landmarks
MST-2/173_Brazilian Faces173-10_face_1.jpg,no_face_landmarks
MST-2/197_Brazilian Faces197-01_face_1.jpg,no_face_landmarks
MST-2/197_Brazilian Faces197-10_face_1.jpg,no_face_landmarks
MST-2/52_Brazilian Faces52-01_face_1.jpg,no_face_landmarks
MST-2/70_Brazilian Faces70-10_face_1.jpg,no_face_landmarks
MST-2/99_Brazilian Faces99-10_face_1.jpg,no_face_landmarks
MST-2/9_Brazilian Faces9-10_face_1.jpg,no_face_landmarks
MST-2/Bill_Simon_LFWBill_Simon_0006_face_1.jpg,no_face_landmarks
MST-2/George_W_Bush_LFWGeorge_W_Bush_0060_face_1.jpg,no_face_landmarks
MST-2/mrhami_Faces 95mrhami.8_face_1.jpg,no_face_landmarks
MST-2/pears_Faces 95pears.10_face_1.jpg,no_face_landmarks
MST-2/Steven_Spielberg_LFWSteven_Spielberg_0002_face_1.jpg,no_face_landmarks
MST-2/train_3454_FairFace3454_face_1.jpg,no_face_landmarks
MST-3/124_Brazilian Faces124-01_face_1.jpg,no_face_landmarks
MST-3/124_Brazilian Faces124-10_face_1.jpg,no_face_landmarks
MST-3/146_Brazilian Faces146-10_face_1.jpg,no_face_landmarks
MST-3/182_Brazilian Faces182-10_face_1.jpg,no_face_landmarks
MST-3/191_Brazilian Faces191-01_face_1.jpg,no_face_landmarks
MST-3/195_Brazilian Faces195-01_face_1.jpg,no_face_landmarks
MST-3/53_Brazilian Faces53-01_face_1.jpg,no_face_landmarks
MST-3/80_Brazilian Faces80-10_face_1.jpg,no_face_landmarks
MST-3/Megawati_Sukarnoputri_LFWMegawati_Sukarnoputri_0029_face_1.jpg,no_face_landmarks
MST-3/train_1634_FairFace1634_face_1.jpg,no_face_landmarks
MST-3/train_4043_FairFace4043_face_1.jpg,no_face_landmarks
MST-3/train_5097_FairFace5097_face_1.jpg,no_face_landmarks
MST-4/148_Brazilian Faces148-01_face_1.jpg,no_face_landmarks
MST-4/178_Brazilian Faces178-10_face_1.jpg,no_face_landmarks
MST-4/24_Brazilian Faces24-01_face_1.jpg,no_face_landmarks
MST-4/8_Brazilian Faces8-01_face_1.jpg,no_face_landmarks
MST-4/93_Brazilian Faces93-10_face_1.jpg,no_face_landmarks
MST-4/Mahmoud_Abbas_LFWMahmoud_Abbas_0021_face_1.jpg,no_face_landmarks
MST-4/train_1130_FairFace1130_face_1.jpg,no_face_landmarks
MST-4/train_1486_FairFace1486_face_1.jpg,no_face_landmarks
MST-4/train_2138_FairFace2138_face_1.jpg,no_face_landmarks
MST-4/train_2610_FairFace2610_face_1.jpg,no_face_landmarks
MST-4/train_2968_FairFace2968_face_1.jpg,no_face_landmarks
MST-4/train_3261_FairFace3261_face_1.jpg,no_face_landmarks
MST-4/train_3419_FairFace3419_face_1.jpg,no_face_landmarks
MST-4/train_4020_FairFace4020_face_1.jpg,no_face_landmarks
MST-4/train_4024_FairFace4024_face_1.jpg,no_face_landmarks
MST-4/train_4422_FairFace4422_face_1.jpg,no_face_landmarks
MST-4/train_5175_FairFace5175_face_1.jpg,no_face_landmarks
MST-4/train_75_FairFace75_face_1.jpg,no_face_landmarks
MST-4/train_796_FairFace796_face_1.jpg,no_face_landmarks
MST-5/gstamo_Faces 95gstamo.5_face_1.jpg,no_face_landmarks
MST-5/train_1402_FairFace1402_face_1.jpg,no_face_landmarks
MST-5/train_1518_FairFace1518_face_1.jpg,no_face_landmarks
MST-5/train_1921_FairFace1921_face_1.jpg,no_face_landmarks
MST-5/train_3175_FairFace3175_face_1.jpg,no_face_landmarks
MST-5/train_3305_FairFace3305_face_1.jpg,no_face_landmarks
MST-5/train_3320_FairFace3320_face_1.jpg,no_face_landmarks
MST-5/train_3475_FairFace3475_face_1.jpg,no_face_landmarks
MST-5/train_3531_FairFace3531_face_1.jpg,no_face_landmarks
MST-5/train_3613_FairFace3613_face_1.jpg,no_face_landmarks
MST-5/train_404_FairFace404_face_1.jpg,no_face_landmarks
MST-5/train_4059_FairFace4059_face_1.jpg,no_face_landmarks
MST-5/train_4198_FairFace4198_face_1.jpg,no_face_landmarks
MST-5/train_5172_FairFace5172_face_1.jpg,no_face_landmarks
MST-5/train_71_FairFace71_face_1.jpg,no_face_landmarks
MST-5/train_733_FairFace733_face_1.jpg,no_face_landmarks
MST-6/0062_0_0_0_01 (2).jpg,no_face_landmarks
MST-6/0062_0_0_0_01.jpg,no_face_landmarks
MST-6/0062_0_0_0_06 (2).jpg,no_face_landmarks
MST-6/0062_0_0_0_06.jpg,no_face_landmarks
MST-6/0187_0_0_1_12.jpg,no_face_landmarks
MST-6/0706_7_2_0_03.jpg,no_face_landmarks
MST-6/train_1193_FairFace1193_face_1.jpg,no_face_landmarks
MST-6/train_1552_FairFace1552_face_1.jpg,no_face_landmarks
MST-6/train_2100_FairFace2100_face_1.jpg,no_face_landmarks
MST-6/train_2848_FairFace2848_face_1.jpg,no_face_landmarks
MST-6/train_3281_FairFace3281_face_1.jpg,no_face_landmarks
MST-6/train_4058_FairFace4058_face_1.jpg,no_face_landmarks
MST-6/train_4474_FairFace4474_face_1.jpg,no_face_landmarks
MST-6/train_4714_FairFace4714_face_1.jpg,no_face_landmarks
MST-6/train_5077_FairFace5077_face_1.jpg,no_face_landmarks
MST-6/train_655_FairFace655_face_1.jpg,no_face_landmarks
MST-6/train_855_FairFace855_face_1.jpg,no_face_landmarks
MST-6/train_867_FairFace867_face_1.jpg,no_face_landmarks
MST-7/0022_0_0_0_01 (2).jpg,no_face_landmarks
MST-7/0022_0_0_0_01.jpg,no_face_landmarks
MST-7/0022_0_0_0_02 (2).jpg,no_face_landmarks
MST-7/0022_0_0_0_02.jpg,no_face_landmarks
MST-7/0052_0_0_0_01 (2).jpg,no_face_landmarks
MST-7/0052_0_0_0_01.jpg,no_face_landmarks
MST-7/0052_0_0_1_03.jpg,no_face_landmarks
MST-7/0131_0_2_0_02.jpg,no_face_landmarks
MST-7/0198_0_0_1_10.jpg,no_face_landmarks
MST-7/0206_0_0_0_09 (2).jpg,no_face_landmarks
MST-7/0206_0_0_0_09.jpg,no_face_landmarks
MST-7/0206_0_0_0_11 (2).jpg,no_face_landmarks
MST-7/0206_0_0_0_11.jpg,no_face_landmarks
MST-7/0731_0_0_0_06 (2).jpg,no_face_landmarks
MST-7/0731_0_0_0_06.jpg,no_face_landmarks
MST-7/0731_0_0_0_07 (2).jpg,no_face_landmarks
MST-7/0731_0_0_0_07.jpg,no_face_landmarks
MST-7/0734_0_0_1_04.jpg,no_face_landmarks
MST-7/0734_0_0_1_05.jpg,no_face_landmarks
MST-7/0779_0_0_1_01.jpg,no_face_landmarks
MST-7/1053_0_0_0_09.jpg,no_face_landmarks
MST-7/1104_0_0_0_10 (2).jpg,no_face_landmarks
MST-7/1104_0_0_0_10.jpg,no_face_landmarks
MST-7/train_1355_FairFace1355_face_1.jpg,no_face_landmarks
MST-7/train_2110_FairFace2110_face_1.jpg,no_face_landmarks
MST-7/train_2444_FairFace2444_face_1.jpg,no_face_landmarks
MST-8/0083_0_0_1_01.jpg,no_face_landmarks
MST-8/0162_0_0_1_07.jpg,no_face_landmarks
MST-8/0327_0_0_0_06.jpg,no_face_landmarks
MST-8/0334_0_0_0_02 (2).jpg,no_face_landmarks
MST-8/0334_0_0_0_02.jpg,no_face_landmarks
MST-8/0363_0_2_1_02.jpg,no_face_landmarks
MST-8/0555_2_0_0_01 (2).jpg,no_face_landmarks
MST-8/0555_2_0_0_01.jpg,no_face_landmarks
MST-8/0555_2_0_0_07.jpg,no_face_landmarks
MST-8/0555_5_0_1_16.jpg,no_face_landmarks
MST-8/0555_7_0_1_02.jpg,no_face_landmarks
MST-8/0555_7_0_1_08.jpg,no_face_landmarks
MST-8/0649_0_0_1_01.jpg,no_face_landmarks
MST-8/0780_0_0_1_08.jpg,no_face_landmarks
MST-8/1112_0_0_0_07 (2).jpg,no_face_landmarks
MST-8/1112_0_0_0_07.jpg,no_face_landmarks
MST-8/train_3577_FairFace3577_face_1.jpg,no_face_landmarks
MST-9/0084_0_0_1_02.jpg,no_face_landmarks
MST-9/0084_0_0_1_06.jpg,no_face_landmarks
MST-9/0084_0_0_1_07.jpg,no_face_landmarks
MST-9/0084_0_0_1_08.jpg,no_face_landmarks
MST-9/0288_0_0_0_08 (2).jpg,no_face_landmarks
MST-9/0288_0_0_0_08.jpg,no_face_landmarks
MST-9/0324_0_2_1_06.jpg,no_face_landmarks
MST-9/0433_0_0_0_03 (2).jpg,no_face_landmarks
MST-9/0433_0_0_0_03.jpg,no_face_landmarks
MST-9/0433_0_0_0_07 (2).jpg,no_face_landmarks
MST-9/0433_0_0_0_07.jpg,no_face_landmarks
MST-9/0501_0_0_0_03 (2).jpg,no_face_landmarks
MST-9/0501_0_0_0_03.jpg,no_face_landmarks
MST-9/0501_0_0_0_14 (2).jpg,no_face_landmarks
MST-9/0501_0_0_0_14.jpg,no_face_landmarks
MST-9/0554_7_0_0_02.jpg,no_face_landmarks
MST-9/0628_0_0_0_03 (2).jpg,no_face_landmarks
MST-9/0628_0_0_0_03.jpg,no_face_landmarks
MST-9/0715_0_0_1_04.jpg,no_face_landmarks
MST-9/0736_0_0_0_04 (2).jpg,no_face_landmarks
MST-9/0736_0_0_0_04.jpg,no_face_landmarks
MST-9/0742_0_0_0_04 (2).jpg,no_face_landmarks
MST-9/0742_0_0_0_04.jpg,no_face_landmarks
MST-9/0742_0_0_0_05 (2).jpg,no_face_landmarks
MST-9/0742_0_0_0_05.jpg,no_face_landmarks
MST-9/0793_0_0_1_01.jpg,no_face_landmarks
MST-9/0934_0_0_0_04 (2).jpg,no_face_landmarks
MST-9/0934_0_0_0_04.jpg,no_face_landmarks
MST-9/0934_0_0_0_05 (2).jpg,no_face_landmarks
MST-9/0934_0_0_0_05.jpg,no_face_landmarks
MST-9/0934_0_0_0_08.jpg,no_face_landmarks
MST-1/Jeremy_Greenstock_LFWJeremy_Greenstock_0005_face_1.jpg,no_face_landmarks
MST-10/train_2086_FairFace2086_face_1.jpg,no_face_landmarks
MST-2/5_Brazilian Faces5-10_face_1.jpg,no_face_landmarks
MST-3/185_Brazilian Faces185-10_face_1.jpg,no_face_landmarks
MST-3/Jacques_Chirac_LFWJacques_Chirac_0006_face_1.jpg,no_face_landmarks
MST-3/Jacques_Chirac_LFWJacques_Chirac_0010_face_1.jpg,no_face_landmarks
MST-3/papad_Faces 95papad.7_face_1.jpg,no_face_landmarks
MST-3/train_3573_FairFace3573_face_1.jpg,no_face_landmarks
MST-3/train_500_FairFace500_face_1.jpg,no_face_landmarks
MST-4/107_Brazilian Faces107-10_face_1.jpg,no_face_landmarks
MST-4/Saddam_Hussein_LFWSaddam_Hussein_0018_face_1.jpg,no_face_landmarks
MST-4/train_1597_FairFace1597_face_1.jpg,no_face_landmarks
MST-4/train_2520_FairFace2520_face_1.jpg,no_face_landmarks
MST-5/train_1121_FairFace1121_face_1.jpg,no_face_landmarks
MST-6/0399_0_0_0_02 (2).jpg,no_face_landmarks
MST-6/0399_0_0_0_02.jpg,no_face_landmarks
MST-6/0399_0_0_0_06 (2).jpg,no_face_landmarks
MST-6/0399_0_0_0_06.jpg,no_face_landmarks
MST-6/1041_0_0_0_02 (2).jpg,no_face_landmarks
MST-6/1041_0_0_0_02.jpg,no_face_landmarks
MST-6/1041_0_0_1_06.jpg,no_face_landmarks
MST-6/train_15_FairFace15_face_1.jpg,no_face_landmarks
MST-6/train_1699_FairFace1699_face_1.jpg,no_face_landmarks
MST-6/train_4317_FairFace4317_face_1.jpg,no_face_landmarks
MST-6/train_912_FairFace912_face_1.jpg,no_face_landmarks
MST-7/0205_0_0_1_15.jpg,no_face_landmarks
MST-7/0676_0_0_0_02 (2).jpg,no_face_landmarks
MST-7/0676_0_0_0_02.jpg,no_face_landmarks
MST-7/0744_0_0_0_05 (2).jpg,no_face_landmarks
MST-7/0744_0_0_0_05.jpg,no_face_landmarks
MST-7/0744_0_0_0_07 (2).jpg,no_face_landmarks
MST-7/0744_0_0_0_07.jpg,no_face_landmarks
MST-7/Kofi_Annan_LFWKofi_Annan_0004_face_1.jpg,no_face_landmarks
MST-7/train_2753_FairFace2753_face_1.jpg,no_face_landmarks
MST-8/0489_0_0_0_02 (2).jpg,no_face_landmarks
MST-8/0489_0_0_0_02.jpg,no_face_landmarks
MST-9/0074_0_0_0_06 (2).jpg,no_face_landmarks
MST-9/0074_0_0_0_06.jpg,no_face_landmarks
MST-9/0443_0_0_0_02 (2).jpg,no_face_landmarks
MST-9/0443_0_0_0_02.jpg,no_face_landmarks
MST-9/0443_0_0_0_07 (2).jpg,no_face_landmarks
MST-9/0443_0_0_0_07.jpg,no_face_landmarks
MST-10/0079_0_0_0_04 (2).jpg,no_face_landmarks
MST-10/0079_0_0_0_04.jpg,no_face_landmarks
MST-10/0914_0_0_0_14 (2).jpg,no_face_landmarks
MST-10/0914_0_0_0_14.jpg,no_face_landmarks
MST-2/165_Brazilian Faces165-10_face_1.jpg,no_face_landmarks
MST-2/31_Brazilian Faces31-01_face_1.jpg,no_face_landmarks
MST-2/31_Brazilian Faces31-10_face_1.jpg,no_face_landmarks
MST-2/89_Brazilian Faces89-01_face_1.jpg,no_face_landmarks
MST-3/158_Brazilian Faces158-10_face_1.jpg,no_face_landmarks
MST-3/166_Brazilian Faces166-10_face_1.jpg,no_face_landmarks
MST-3/90_Brazilian Faces90-01_face_1.jpg,no_face_landmarks
MST-3/Michael_Bloomberg_LFWMichael_Bloomberg_0007_face_1.jpg,no_face_landmarks
MST-4/4_Brazilian Faces4-10_face_1.jpg,no_face_landmarks
MST-4/train_1661_FairFace1661_face_1.jpg,no_face_landmarks
MST-5/train_1283_FairFace1283_face_1.jpg,no_face_landmarks
MST-5/train_2213_FairFace2213_face_1.jpg,no_face_landmarks
MST-5/train_3062_FairFace3062_face_1.jpg,no_face_landmarks
MST-6/train_1047_FairFace1047_face_1.jpg,no_face_landmarks
MST-6/train_2159_FairFace2159_face_1.jpg,no_face_landmarks
MST-6/train_2886_FairFace2886_face_1.jpg,no_face_landmarks
MST-6/train_3066_FairFace3066_face_1.jpg,no_face_landmarks
MST-7/0048_0_0_1_01.jpg,no_face_landmarks
MST-7/0048_0_0_1_03.jpg,no_face_landmarks
MST-7/0095_0_0_0_03.jpg,no_face_landmarks
MST-7/0209_0_0_0_06 (2).jpg,no_face_landmarks
MST-7/0209_0_0_0_06.jpg,no_face_landmarks
MST-7/0281_0_0_0_05 (2).jpg,no_face_landmarks
MST-7/0281_0_0_0_05.jpg,no_face_landmarks
MST-7/0806_0_0_0_01 (2).jpg,no_face_landmarks
MST-7/0806_0_0_0_01.jpg,no_face_landmarks
MST-7/0806_0_0_0_03 (2).jpg,no_face_landmarks
MST-7/0806_0_0_0_03.jpg,no_face_landmarks
MST-7/0806_0_0_0_04 (2).jpg,no_face_landmarks
MST-7/0806_0_0_0_04.jpg,no_face_landmarks
MST-7/0806_0_0_0_05 (2).jpg,no_face_landmarks
MST-7/0806_0_0_0_05.jpg,no_face_landmarks
MST-8/0559_2_0_0_01 (2).jpg,no_face_landmarks
MST-8/0559_2_0_0_01.jpg,no_face_landmarks
MST-8/0559_4_0_1_05.jpg,no_face_landmarks
MST-8/0559_4_0_1_11.jpg,no_face_landmarks
MST-8/0559_7_0_1_03.jpg,no_face_landmarks
MST-8/0692_6_0_0_03.jpg,no_face_landmarks
MST-8/0692_7_0_0_02.jpg,no_face_landmarks
MST-8/0910_0_0_0_02 (2).jpg,no_face_landmarks
MST-8/0910_0_0_0_02.jpg,no_face_landmarks
MST-8/0910_0_0_0_08 (2).jpg,no_face_landmarks
MST-8/0910_0_0_0_08.jpg,no_face_landmarks
MST-9/0320_0_0_0_01 (2).jpg,no_face_landmarks
MST-9/0320_0_0_0_01.jpg,no_face_landmarks
