split,filename,missing
train,MST-10/0874_0_0_0_11 (2).jpg,region:forehead;region:left_cheek;region:right_cheek;region:jawline;region:nose_bridge
train,MST-10/0874_0_0_0_12 (2).jpg,region:forehead;region:left_cheek;region:right_cheek;region:jawline;region:nose_bridge
train,MST-7/0746_0_0_0_02 (2).jpg,region:forehead;region:left_cheek;region:right_cheek;region:jawline;region:nose_bridge
train,MST-7/0847_2_0_0_05 (2).jpg,region:forehead;region:left_cheek;region:right_cheek;region:jawline;region:nose_bridge
train,MST-8/0216_0_0_0_02 (2).jpg,region:forehead;region:left_cheek;region:right_cheek;region:jawline;region:nose_bridge
train,MST-8/0408_0_0_0_01 (2).jpg,region:forehead;region:left_cheek;region:right_cheek;region:jawline;region:nose_bridge
train,MST-8/0438_0_0_0_01 (2).jpg,region:forehead;region:left_cheek;region:right_cheek;region:jawline;region:nose_bridge
train,MST-8/0570_0_0_0_01 (2).jpg,region:forehead;region:left_cheek;region:right_cheek;region:jawline;region:nose_bridge
train,MST-9/1045_0_0_0_04 (2).jpg,region:forehead;region:left_cheek;region:right_cheek;region:jawline;region:nose_bridge
val,MST-8/0268_0_0_0_01 (2).jpg,region:forehead;region:left_cheek;region:right_cheek;region:jawline;region:nose_bridge
val,MST-9/0298_0_0_0_15 (2).jpg,region:forehead;region:left_cheek;region:right_cheek;region:jawline;region:nose_bridge
test,MST-9/0975_0_0_0_02 (2).jpg,region:forehead;region:left_cheek;region:right_cheek;region:jawline;region:nose_bridge
test,MST-9/1076_0_0_0_06 (2).jpg,region:forehead;region:left_cheek;region:right_cheek;region:jawline;region:nose_bridge
