rule,split,scc_label,undertone,percent
manuscript,all,SCC-1,Cool,71.1
manuscript,all,SCC-2,Cool,40.1
manuscript,all,SCC-3,Cool,63.7
manuscript,all,SCC-4,Cool,91.9
manuscript,all,SCC-5,Cool,96.2
manuscript,all,SCC-6,Cool,97.7
manuscript,all,ALL,Cool,78.7
manuscript,all,SCC-1,Neutral,16.7
manuscript,all,SCC-2,Neutral,20.3
manuscript,all,SCC-3,Neutral,22.2
manuscript,all,SCC-4,Neutral,6.1
manuscript,all,SCC-5,Neutral,2.7
manuscript,all,SCC-6,Neutral,1.2
manuscript,all,ALL,Neutral,10.2
manuscript,all,SCC-1,Warm,12.2
manuscript,all,SCC-2,Warm,39.7
manuscript,all,SCC-3,Warm,14.1
manuscript,all,SCC-4,Warm,2.1
manuscript,all,SCC-5,Warm,1.0
manuscript,all,SCC-6,Warm,1.1
manuscript,all,ALL,Warm,11.1
manuscript,test,SCC-1,Cool,81.0
manuscript,test,SCC-2,Cool,36.7
manuscript,test,SCC-3,Cool,59.7
manuscript,test,SCC-4,Cool,90.0
manuscript,test,SCC-5,Cool,97.0
manuscript,test,SCC-6,Cool,97.9
manuscript,test,ALL,Cool,76.2
manuscript,test,SCC-1,Neutral,12.4
manuscript,test,SCC-2,Neutral,27.2
manuscript,test,SCC-3,Neutral,19.5
manuscript,test,SCC-4,Neutral,8.1
manuscript,test,SCC-5,Neutral,3.0
manuscript,test,SCC-6,Neutral,0.4
manuscript,test,ALL,Neutral,12.2
manuscript,test,SCC-1,Warm,6.6
manuscript,test,SCC-2,Warm,36.1
manuscript,test,SCC-3,Warm,20.8
manuscript,test,SCC-4,Warm,1.9
manuscript,test,SCC-5,Warm,0.0
manuscript,test,SCC-6,Warm,1.7
manuscript,test,ALL,Warm,11.7
global,all,SCC-1,Cool,42.4
global,all,SCC-2,Cool,16.4
global,all,SCC-3,Cool,25.1
global,all,SCC-4,Cool,38.5
global,all,SCC-5,Cool,47.8
global,all,SCC-6,Cool,53.3
global,all,ALL,Cool,38.1
global,all,SCC-1,Neutral,12.1
global,all,SCC-2,Neutral,7.4
global,all,SCC-3,Neutral,16.7
global,all,SCC-4,Neutral,27.7
global,all,SCC-5,Neutral,33.4
global,all,SCC-6,Neutral,33.9
global,all,ALL,Neutral,22.9
global,all,SCC-1,Warm,45.4
global,all,SCC-2,Warm,76.2
global,all,SCC-3,Warm,58.2
global,all,SCC-4,Warm,33.7
global,all,SCC-5,Warm,18.9
global,all,SCC-6,Warm,12.7
global,all,ALL,Warm,38.9
global,test,SCC-1,Cool,59.3
global,test,SCC-2,Cool,7.4
global,test,SCC-3,Cool,26.1
global,test,SCC-4,Cool,40.5
global,test,SCC-5,Cool,49.8
global,test,SCC-6,Cool,59.0
global,test,ALL,Cool,38.1
global,test,SCC-1,Neutral,8.2
global,test,SCC-2,Neutral,7.7
global,test,SCC-3,Neutral,12.9
global,test,SCC-4,Neutral,32.1
global,test,SCC-5,Neutral,32.2
global,test,SCC-6,Neutral,31.4
global,test,ALL,Neutral,21.2
global,test,SCC-1,Warm,32.5
global,test,SCC-2,Warm,84.9
global,test,SCC-3,Warm,61.1
global,test,SCC-4,Warm,27.4
global,test,SCC-5,Warm,18.1
global,test,SCC-6,Warm,9.6
global,test,ALL,Warm,40.6
per_scc,all,SCC-1,Cool,43.2
per_scc,all,SCC-2,Cool,39.5
per_scc,all,SCC-3,Cool,36.1
per_scc,all,SCC-4,Cool,38.0
per_scc,all,SCC-5,Cool,38.8
per_scc,all,SCC-6,Cool,39.9
per_scc,all,ALL,Cool,39.4
per_scc,all,SCC-1,Neutral,12.9
per_scc,all,SCC-2,Neutral,20.3
per_scc,all,SCC-3,Neutral,26.0
per_scc,all,SCC-4,Neutral,27.3
per_scc,all,SCC-5,Neutral,22.8
per_scc,all,SCC-6,Neutral,20.1
per_scc,all,ALL,Neutral,21.6
per_scc,all,SCC-1,Warm,43.9
per_scc,all,SCC-2,Warm,40.3
per_scc,all,SCC-3,Warm,37.9
per_scc,all,SCC-4,Warm,34.8
per_scc,all,SCC-5,Warm,38.4
per_scc,all,SCC-6,Warm,39.9
per_scc,all,ALL,Warm,39.0
per_scc,test,SCC-1,Cool,59.7
per_scc,test,SCC-2,Cool,35.8
per_scc,test,SCC-3,Cool,35.0
per_scc,test,SCC-4,Cool,39.3
per_scc,test,SCC-5,Cool,39.2
per_scc,test,SCC-6,Cool,43.5
per_scc,test,ALL,Cool,41.4
per_scc,test,SCC-1,Neutral,8.7
per_scc,test,SCC-2,Neutral,27.1
per_scc,test,SCC-3,Neutral,22.1
per_scc,test,SCC-4,Neutral,32.7
per_scc,test,SCC-5,Neutral,25.5
per_scc,test,SCC-6,Neutral,19.2
per_scc,test,ALL,Neutral,24.0
per_scc,test,SCC-1,Warm,31.6
per_scc,test,SCC-2,Warm,37.0
per_scc,test,SCC-3,Warm,42.9
per_scc,test,SCC-4,Warm,28.1
per_scc,test,SCC-5,Warm,35.3
per_scc,test,SCC-6,Warm,37.2
per_scc,test,ALL,Warm,34.6
