file,modified,sha256_12
C:\Users\Elizabeth\HueView-tool\ml_pipeline\models\baseline_effnet.h5,2026-09-06T00:37:23,2c5aea9c4028
C:\Users\Elizabeth\HueView-tool\ml_pipeline\models\hueview_forehead_final.h5,2026-10-06T09:14:25,074d336db8d9
C:\Users\Elizabeth\HueView-tool\ml_pipeline\models\hueview_left_cheek_final.h5,2026-10-06T09:16:00,1683291eba17
C:\Users\Elizabeth\HueView-tool\ml_pipeline\models\hueview_right_cheek_final.h5,2026-10-06T09:16:29,68403fd20a8a
C:\Users\Elizabeth\HueView-tool\ml_pipeline\models\hueview_nose_bridge_final.h5,2026-10-06T09:16:14,8613c7761fc9
C:\Users\Elizabeth\HueView-tool\ml_pipeline\models\hueview_jawline_final.h5,2026-10-06T09:14:44,9ee9837ddeba
C:\Users\Elizabeth\HueView-tool\ml_pipeline\models\hueview_full_face_final.h5,2026-10-06T09:14:34,8f27cb56aa40
C:\Users\Elizabeth\HueView-tool\ml_pipeline\models\lab_scaler_forehead_final.pkl,2026-10-06T09:16:32,9aca4fc3aacb
C:\Users\Elizabeth\HueView-tool\ml_pipeline\models\lab_scaler_left_cheek_final.pkl,2026-10-06T09:16:35,14bec962c3eb
C:\Users\Elizabeth\HueView-tool\ml_pipeline\models\lab_scaler_right_cheek_final.pkl,2026-10-06T09:16:38,f09c6891911d
C:\Users\Elizabeth\HueView-tool\ml_pipeline\models\lab_scaler_nose_bridge_final.pkl,2026-10-06T09:16:36,3566dc836c00
C:\Users\Elizabeth\HueView-tool\ml_pipeline\models\lab_scaler_jawline_final.pkl,2026-10-06T09:16:34,5270614f0d2d
C:\Users\Elizabeth\HueView-tool\ml_pipeline\models\lab_scaler_full_face_final.pkl,2026-10-06T09:16:33,42b4d5f341ad
