Region,Class,TP,TN,FP,FN,Support,Precision,Recall,F1-Score
Forehead,SCC-1,459,3384,434,211,670,0.5139977603583427,0.6850746268656717,0.5873320537428023
Forehead,SCC-2,549,3187,199,553,1102,0.733957219251337,0.4981851179673321,0.5935135135135134
Forehead,SCC-3,120,3930,255,183,303,0.32,0.39603960396039606,0.35398230088495575
Forehead,SCC-4,345,3209,538,396,741,0.39071347678369195,0.46558704453441296,0.42487684729064035
Forehead,SCC-5,594,2669,386,839,1433,0.6061224489795919,0.4145150034891835,0.4923331951927062
Forehead,SCC-6,119,3759,490,120,239,0.19540229885057472,0.497907949790795,0.2806603773584906
Left Cheek,SCC-1,478,3466,352,192,670,0.5759036144578313,0.7134328358208956,0.6373333333333334
Left Cheek,SCC-2,626,3209,177,476,1102,0.7795765877957659,0.5680580762250453,0.6572178477690288
Left Cheek,SCC-3,132,3927,258,171,303,0.3384615384615385,0.43564356435643564,0.380952380952381
Left Cheek,SCC-4,345,3143,604,396,741,0.3635405690200211,0.46558704453441296,0.40828402366863903
Left Cheek,SCC-5,657,2700,355,776,1433,0.6492094861660079,0.4584787159804606,0.5374233128834356
Left Cheek,SCC-6,142,3887,362,97,239,0.28174603174603174,0.5941422594142259,0.38223418573351275
Right Cheek,SCC-1,475,3387,431,195,670,0.5242825607064018,0.7089552238805971,0.6027918781725888
Right Cheek,SCC-2,614,3179,207,488,1102,0.7478684531059683,0.5571687840290381,0.6385855434217369
Right Cheek,SCC-3,75,4008,177,228,303,0.2976190476190476,0.24752475247524752,0.27027027027027023
Right Cheek,SCC-4,391,3144,603,350,741,0.3933601609657948,0.5276653171390013,0.4507204610951009
Right Cheek,SCC-5,612,2745,310,821,1433,0.6637744034707158,0.427076064200977,0.5197452229299363
Right Cheek,SCC-6,116,3772,477,123,239,0.19561551433389546,0.48535564853556484,0.2788461538461538
Jawline,SCC-1,480,3428,390,190,670,0.5517241379310345,0.7164179104477612,0.6233766233766233
Jawline,SCC-2,635,3174,212,467,1102,0.7497048406139315,0.5762250453720508,0.6516162134427911
Jawline,SCC-3,127,3908,277,176,303,0.31435643564356436,0.41914191419141916,0.3592644978783593
Jawline,SCC-4,372,3108,639,369,741,0.36795252225519287,0.5020242914979757,0.4246575342465754
Jawline,SCC-5,608,2723,332,825,1433,0.6468085106382979,0.424284717376134,0.5124315212810788
Jawline,SCC-6,101,3934,315,138,239,0.24278846153846154,0.4225941422594142,0.30839694656488553
Nose Bridge,SCC-1,536,3300,518,134,670,0.50853889943074,0.8,0.6218097447795824
Nose Bridge,SCC-2,521,3241,145,581,1102,0.7822822822822822,0.4727767695099819,0.5893665158371041
Nose Bridge,SCC-3,93,3889,296,210,303,0.2390745501285347,0.3069306930693069,0.26878612716763006
Nose Bridge,SCC-4,352,3207,540,389,741,0.39461883408071746,0.4750337381916329,0.4311083894672382
Nose Bridge,SCC-5,452,2832,223,981,1433,0.6696296296296296,0.3154221912072575,0.428842504743833
Nose Bridge,SCC-6,153,3590,659,86,239,0.18842364532019704,0.6401673640167364,0.291151284490961
Full Face,SCC-1,478,3378,440,192,670,0.5206971677559913,0.7134328358208956,0.602015113350126
Full Face,SCC-2,605,3149,237,497,1102,0.7185273159144893,0.5490018148820327,0.6224279835390947
Full Face,SCC-3,163,3998,187,140,303,0.4657142857142857,0.5379537953795379,0.49923430321592643
Full Face,SCC-4,311,3540,207,430,741,0.6003861003861004,0.41970310391363025,0.4940428911834789
Full Face,SCC-5,1172,2459,596,261,1433,0.6628959276018099,0.8178646196789952,0.7322711652608559
Full Face,SCC-6,36,4193,56,203,239,0.391304347826087,0.1506276150627615,0.2175226586102719
