Model,Illumination,Class,TP,TN,FP,FN,Support,Precision,Recall,F1-Score
Baseline RGB,Low,SCC-1,297,1550,102,163,460,0.7443609022556391,0.6456521739130435,0.6915017462165309
Baseline RGB,Low,SCC-2,443,1309,195,165,608,0.6943573667711599,0.7286184210526315,0.71107544141252
Baseline RGB,Low,SCC-3,96,1828,109,79,175,0.4682926829268293,0.5485714285714286,0.5052631578947369
Baseline RGB,Low,SCC-4,96,1825,51,140,236,0.6530612244897959,0.4067796610169492,0.5013054830287206
Baseline RGB,Low,SCC-5,465,1341,249,57,522,0.6512605042016807,0.8908045977011494,0.7524271844660193
Baseline RGB,Low,SCC-6,7,1999,2,104,111,0.7777777777777778,0.06306306306306306,0.11666666666666665
Baseline RGB,Medium,SCC-1,165,1759,275,43,208,0.375,0.7932692307692307,0.5092592592592592
Baseline RGB,Medium,SCC-2,192,1710,41,299,491,0.8240343347639485,0.3910386965376782,0.5303867403314917
Baseline RGB,Medium,SCC-3,51,2095,39,57,108,0.5666666666666667,0.4722222222222222,0.5151515151515152
Baseline RGB,Medium,SCC-4,247,1628,142,225,472,0.6349614395886889,0.5233050847457628,0.5737514518002323
Baseline RGB,Medium,SCC-5,748,1064,326,104,852,0.6964618249534451,0.8779342723004695,0.7767393561786086
Baseline RGB,Medium,SCC-6,15,2130,1,96,111,0.9375,0.13513513513513514,0.2362204724409449
Baseline RGB,High,SCC-1,2,129,3,0,2,0.4,1.0,0.5714285714285715
Baseline RGB,High,SCC-2,0,131,0,3,3,0.0,0.0,0.0
Baseline RGB,High,SCC-3,0,113,1,20,20,0.0,0.0,0.0
Baseline RGB,High,SCC-4,17,89,12,16,33,0.5862068965517241,0.5151515151515151,0.5483870967741935
Baseline RGB,High,SCC-5,52,28,47,7,59,0.5252525252525253,0.8813559322033898,0.6582278481012658
Baseline RGB,High,SCC-6,0,117,0,17,17,0.0,0.0,0.0
HueView,Low,SCC-1,323,1508,144,137,460,0.6916488222698073,0.7021739130434783,0.696871628910464
HueView,Low,SCC-2,423,1328,176,185,608,0.7061769616026711,0.6957236842105263,0.7009113504556751
HueView,Low,SCC-3,92,1816,121,83,175,0.431924882629108,0.5257142857142857,0.4742268041237114
HueView,Low,SCC-4,87,1792,84,149,236,0.5087719298245614,0.3686440677966102,0.42751842751842756
HueView,Low,SCC-5,399,1353,237,123,522,0.6273584905660378,0.764367816091954,0.6891191709844561
HueView,Low,SCC-6,11,1986,15,100,111,0.4230769230769231,0.0990990990990991,0.1605839416058394
HueView,Medium,SCC-1,153,1741,293,55,208,0.3430493273542601,0.7355769230769231,0.46788990825688076
HueView,Medium,SCC-2,182,1690,61,309,491,0.7489711934156379,0.37067209775967414,0.4959128065395096
HueView,Medium,SCC-3,70,2069,65,38,108,0.5185185185185185,0.6481481481481481,0.5761316872427984
HueView,Medium,SCC-4,209,1665,105,263,472,0.6656050955414012,0.4427966101694915,0.5318066157760813
HueView,Medium,SCC-5,741,1076,314,111,852,0.7023696682464455,0.8697183098591549,0.7771368641845832
HueView,Medium,SCC-6,24,2106,25,87,111,0.4897959183673469,0.21621621621621623,0.30000000000000004
HueView,High,SCC-1,2,129,3,0,2,0.4,1.0,0.5714285714285715
HueView,High,SCC-2,0,131,0,3,3,0.0,0.0,0.0
HueView,High,SCC-3,1,113,1,19,20,0.5,0.05,0.09090909090909091
HueView,High,SCC-4,15,83,18,18,33,0.45454545454545453,0.45454545454545453,0.45454545454545453
HueView,High,SCC-5,32,30,45,27,59,0.4155844155844156,0.5423728813559322,0.47058823529411764
HueView,High,SCC-6,1,101,16,16,17,0.058823529411764705,0.058823529411764705,0.058823529411764705
